"part_id","sday_id","studyDay","day","month","year","dayofweek"
1,20130412,1,12,4,2013,5
1,20130413,2,13,4,2013,6
2,20130429,1,29,4,2013,1
2,20130430,2,30,4,2013,2
3,20130404,1,4,4,2013,4
3,20130405,2,5,4,2013,5
4,20130426,1,26,4,2013,5
4,20130427,2,27,4,2013,6
5,20130421,1,21,4,2013,0
5,20130422,2,22,4,2013,1
6,20130417,1,17,4,2013,3
6,20130418,2,18,4,2013,4
7,20130422,1,22,4,2013,1
7,20130423,2,23,4,2013,2
8,20130416,1,16,4,2013,2
8,20130417,2,17,4,2013,3
9,20130716,1,16,7,2013,2
9,20130717,2,17,7,2013,3
10,20130714,1,14,7,2013,0
10,20130715,2,15,7,2013,1
11,20130326,1,26,3,2013,2
11,20130327,2,27,3,2013,3
12,20130327,1,27,3,2013,3
12,20130328,2,28,3,2013,4
13,20130412,1,12,4,2013,5
13,20130413,2,13,4,2013,6
14,20130512,1,12,5,2013,0
14,20130513,2,13,5,2013,1
15,20130610,1,10,6,2013,1
15,20130611,2,11,6,2013,2
16,20130410,1,10,4,2013,3
16,20130411,2,11,4,2013,4
17,20130428,1,28,4,2013,0
17,20130429,2,29,4,2013,1
18,20130429,1,29,4,2013,1
18,20130430,2,30,4,2013,2
19,20130411,1,11,4,2013,4
19,20130412,2,12,4,2013,5
20,20130410,1,10,4,2013,3
20,20130411,2,11,4,2013,4
21,20130428,1,28,4,2013,0
21,20130429,2,29,4,2013,1
22,20130501,1,1,5,2013,3
22,20130502,2,2,5,2013,4
23,20130424,1,24,4,2013,3
23,20130425,2,25,4,2013,4
24,20130501,1,1,5,2013,3
24,20130502,2,2,5,2013,4
25,20130425,1,25,4,2013,4
25,20130426,2,26,4,2013,5
26,20130716,1,16,7,2013,2
26,20130717,2,17,7,2013,3
27,20130421,1,21,4,2013,0
27,20130422,2,22,4,2013,1
28,20130327,1,27,3,2013,3
28,20130328,2,28,3,2013,4
29,20130330,1,30,3,2013,6
29,20130331,2,31,3,2013,0
30,20130331,1,31,3,2013,0
30,20130401,2,1,4,2013,1
31,20130406,1,6,4,2013,6
31,20130407,2,7,4,2013,0
32,20130428,1,28,4,2013,0
32,20130429,2,29,4,2013,1
33,20130325,1,25,3,2013,1
33,20130326,2,26,3,2013,2
34,20130331,1,31,3,2013,0
34,20130401,2,1,4,2013,1
35,20130718,1,18,7,2013,4
35,20130719,2,19,7,2013,5
36,20130424,1,24,4,2013,3
36,20130425,2,25,4,2013,4
37,20130424,1,24,4,2013,3
37,20130425,2,25,4,2013,4
38,20130405,1,5,4,2013,5
38,20130406,2,6,4,2013,6
39,20130402,1,2,4,2013,2
39,20130403,2,3,4,2013,3
40,20130410,1,10,4,2013,3
40,20130411,2,11,4,2013,4
41,20130401,1,1,4,2013,1
41,20130402,2,2,4,2013,2
42,20130421,1,21,4,2013,0
42,20130422,2,22,4,2013,1
43,20130430,1,30,4,2013,2
43,20130501,2,1,5,2013,3
44,20130404,1,4,4,2013,4
44,20130405,2,5,4,2013,5
45,20130717,1,17,7,2013,3
45,20130718,2,18,7,2013,4
46,20130405,1,5,4,2013,5
46,20130406,2,6,4,2013,6
47,20130718,1,18,7,2013,4
47,20130719,2,19,7,2013,5
48,20130719,1,19,7,2013,5
48,20130720,2,20,7,2013,6
49,20130718,1,18,7,2013,4
49,20130719,2,19,7,2013,5
50,20130411,1,11,4,2013,4
50,20130412,2,12,4,2013,5
51,20130410,1,10,4,2013,3
51,20130411,2,11,4,2013,4
52,20130715,1,15,7,2013,1
52,20130716,2,16,7,2013,2
53,20130718,1,18,7,2013,4
53,20130719,2,19,7,2013,5
54,20130404,1,4,4,2013,4
54,20130405,2,5,4,2013,5
55,20130328,1,28,3,2013,4
55,20130329,2,29,3,2013,5
56,20130325,1,25,3,2013,1
56,20130326,2,26,3,2013,2
57,20130325,1,25,3,2013,1
57,20130326,2,26,3,2013,2
58,20130327,1,27,3,2013,3
58,20130328,2,28,3,2013,4
59,20130328,1,28,3,2013,4
59,20130329,2,29,3,2013,5
60,20130716,1,16,7,2013,2
60,20130717,2,17,7,2013,3
61,20130325,1,25,3,2013,1
61,20130326,2,26,3,2013,2
62,20130326,1,26,3,2013,2
62,20130327,2,27,3,2013,3
63,20130713,1,13,7,2013,6
63,20130714,2,14,7,2013,0
64,20130430,1,30,4,2013,2
64,20130501,2,1,5,2013,3
65,20130511,1,11,5,2013,6
65,20130512,2,12,5,2013,0
66,20130717,1,17,7,2013,3
66,20130718,2,18,7,2013,4
67,20130716,1,16,7,2013,2
67,20130717,2,17,7,2013,3
68,20130715,1,15,7,2013,1
68,20130716,2,16,7,2013,2
69,20130327,1,27,3,2013,3
69,20130328,2,28,3,2013,4
70,20130417,1,17,4,2013,3
70,20130418,2,18,4,2013,4
71,20130422,1,22,4,2013,1
71,20130423,2,23,4,2013,2
72,20130417,1,17,4,2013,3
72,20130418,2,18,4,2013,4
73,20130502,1,2,5,2013,4
73,20130503,2,3,5,2013,5
74,20130421,1,21,4,2013,0
74,20130422,2,22,4,2013,1
75,20130420,1,20,4,2013,6
75,20130421,2,21,4,2013,0
76,20130429,1,29,4,2013,1
76,20130430,2,30,4,2013,2
77,20130415,1,15,4,2013,1
77,20130416,2,16,4,2013,2
78,20130416,1,16,4,2013,2
78,20130417,2,17,4,2013,3
79,20130420,1,20,4,2013,6
79,20130421,2,21,4,2013,0
80,20130415,1,15,4,2013,1
80,20130416,2,16,4,2013,2
81,20130417,1,17,4,2013,3
81,20130418,2,18,4,2013,4
82,20130511,1,11,5,2013,6
82,20130512,2,12,5,2013,0
83,20130416,1,16,4,2013,2
83,20130417,2,17,4,2013,3
84,20130509,1,9,5,2013,4
84,20130510,2,10,5,2013,5
85,20130415,1,15,4,2013,1
85,20130416,2,16,4,2013,2
86,20130406,1,6,4,2013,6
86,20130407,2,7,4,2013,0
87,20130421,1,21,4,2013,0
87,20130422,2,22,4,2013,1
88,20130511,1,11,5,2013,6
88,20130512,2,12,5,2013,0
89,20130421,1,21,4,2013,0
89,20130422,2,22,4,2013,1
90,20130426,1,26,4,2013,5
90,20130427,2,27,4,2013,6
91,20130417,1,17,4,2013,3
91,20130418,2,18,4,2013,4
92,20130331,1,31,3,2013,0
92,20130401,2,1,4,2013,1
93,20130418,1,18,4,2013,4
93,20130419,2,19,4,2013,5
94,20130511,1,11,5,2013,6
94,20130512,2,12,5,2013,0
95,20130417,1,17,4,2013,3
95,20130418,2,18,4,2013,4
96,20130328,1,28,3,2013,4
96,20130329,2,29,3,2013,5
97,20130501,1,1,5,2013,3
97,20130502,2,2,5,2013,4
98,20130423,1,23,4,2013,2
98,20130424,2,24,4,2013,3
99,20130408,1,8,4,2013,1
99,20130409,2,9,4,2013,2
100,20130507,1,7,5,2013,2
100,20130508,2,8,5,2013,3
101,20130430,1,30,4,2013,2
101,20130501,2,1,5,2013,3
102,20130415,1,15,4,2013,1
102,20130416,2,16,4,2013,2
103,20130607,1,7,6,2013,5
103,20130608,2,8,6,2013,6
104,20130607,1,7,6,2013,5
104,20130608,2,8,6,2013,6
105,20130505,1,5,5,2013,0
105,20130506,2,6,5,2013,1
106,20130506,1,6,5,2013,1
106,20130507,2,7,5,2013,2
107,20130508,1,8,5,2013,3
107,20130509,2,9,5,2013,4
108,20130506,1,6,5,2013,1
108,20130507,2,7,5,2013,2
109,20130517,1,17,5,2013,5
109,20130518,2,18,5,2013,6
110,20130506,1,6,5,2013,1
110,20130507,2,7,5,2013,2
111,20130331,1,31,3,2013,0
111,20130401,2,1,4,2013,1
112,20130515,1,15,5,2013,3
112,20130516,2,16,5,2013,4
113,20130515,1,15,5,2013,3
113,20130516,2,16,5,2013,4
114,20130504,1,4,5,2013,6
114,20130505,2,5,5,2013,0
115,20130507,1,7,5,2013,2
115,20130508,2,8,5,2013,3
116,20130518,1,18,5,2013,6
116,20130519,2,19,5,2013,0
117,20130504,1,4,5,2013,6
117,20130505,2,5,5,2013,0
118,20130506,1,6,5,2013,1
118,20130507,2,7,5,2013,2
119,20130502,1,2,5,2013,4
119,20130503,2,3,5,2013,5
120,20130508,1,8,5,2013,3
120,20130509,2,9,5,2013,4
121,20130418,1,18,4,2013,4
121,20130419,2,19,4,2013,5
122,20130504,1,4,5,2013,6
122,20130505,2,5,5,2013,0
123,20130326,1,26,3,2013,2
123,20130327,2,27,3,2013,3
124,20130327,1,27,3,2013,3
124,20130328,2,28,3,2013,4
125,20130420,1,20,4,2013,6
125,20130421,2,21,4,2013,0
126,20130425,1,25,4,2013,4
126,20130426,2,26,4,2013,5
127,20130508,1,8,5,2013,3
127,20130509,2,9,5,2013,4
128,20130715,1,15,7,2013,1
128,20130716,2,16,7,2013,2
129,20130414,1,14,4,2013,0
129,20130415,2,15,4,2013,1
130,20130326,1,26,3,2013,2
130,20130327,2,27,3,2013,3
131,20130422,1,22,4,2013,1
131,20130423,2,23,4,2013,2
132,20130513,1,13,5,2013,1
132,20130514,2,14,5,2013,2
133,20130401,1,1,4,2013,1
133,20130402,2,2,4,2013,2
134,20130716,1,16,7,2013,2
134,20130717,2,17,7,2013,3
135,20130325,1,25,3,2013,1
135,20130326,2,26,3,2013,2
136,20130412,1,12,4,2013,5
136,20130413,2,13,4,2013,6
137,20130718,1,18,7,2013,4
137,20130719,2,19,7,2013,5
138,20130326,1,26,3,2013,2
138,20130327,2,27,3,2013,3
139,20130326,1,26,3,2013,2
139,20130327,2,27,3,2013,3
140,20130429,1,29,4,2013,1
140,20130430,2,30,4,2013,2
141,20130502,1,2,5,2013,4
141,20130503,2,3,5,2013,5
142,20130512,1,12,5,2013,0
142,20130513,2,13,5,2013,1
143,20130718,1,18,7,2013,4
143,20130719,2,19,7,2013,5
144,20130325,1,25,3,2013,1
144,20130326,2,26,3,2013,2
145,20130414,1,14,4,2013,0
145,20130415,2,15,4,2013,1
146,20130718,1,18,7,2013,4
146,20130719,2,19,7,2013,5
147,20130325,1,25,3,2013,1
147,20130326,2,26,3,2013,2
148,20130715,1,15,7,2013,1
148,20130716,2,16,7,2013,2
149,20130425,1,25,4,2013,4
149,20130426,2,26,4,2013,5
150,20130422,1,22,4,2013,1
150,20130423,2,23,4,2013,2
151,20130419,1,19,4,2013,5
151,20130420,2,20,4,2013,6
152,20130419,1,19,4,2013,5
152,20130420,2,20,4,2013,6
153,20130425,1,25,4,2013,4
153,20130426,2,26,4,2013,5
154,20130325,1,25,3,2013,1
154,20130326,2,26,3,2013,2
155,20130330,1,30,3,2013,6
155,20130331,2,31,3,2013,0
156,20130327,1,27,3,2013,3
156,20130328,2,28,3,2013,4
157,20130425,1,25,4,2013,4
157,20130426,2,26,4,2013,5
158,20130718,1,18,7,2013,4
158,20130719,2,19,7,2013,5
159,20130403,1,3,4,2013,3
159,20130404,2,4,4,2013,4
160,20130714,1,14,7,2013,0
160,20130715,2,15,7,2013,1
161,20130421,1,21,4,2013,0
161,20130422,2,22,4,2013,1
162,20130420,1,20,4,2013,6
162,20130421,2,21,4,2013,0
163,20130418,1,18,4,2013,4
163,20130419,2,19,4,2013,5
164,20130716,1,16,7,2013,2
164,20130717,2,17,7,2013,3
165,20130401,1,1,4,2013,1
165,20130402,2,2,4,2013,2
166,20130402,1,2,4,2013,2
166,20130403,2,3,4,2013,3
167,20130713,1,13,7,2013,6
167,20130714,2,14,7,2013,0
168,20130716,1,16,7,2013,2
168,20130717,2,17,7,2013,3
169,20130328,1,28,3,2013,4
169,20130329,2,29,3,2013,5
170,20130415,1,15,4,2013,1
170,20130416,2,16,4,2013,2
171,20130403,1,3,4,2013,3
171,20130404,2,4,4,2013,4
172,20130405,1,5,4,2013,5
172,20130406,2,6,4,2013,6
173,20130416,1,16,4,2013,2
173,20130417,2,17,4,2013,3
174,20130419,1,19,4,2013,5
174,20130420,2,20,4,2013,6
175,20130515,1,15,5,2013,3
175,20130516,2,16,5,2013,4
176,20130513,1,13,5,2013,1
176,20130514,2,14,5,2013,2
177,20130415,1,15,4,2013,1
177,20130416,2,16,4,2013,2
178,20130406,1,6,4,2013,6
178,20130407,2,7,4,2013,0
179,20130324,1,24,3,2013,0
179,20130325,2,25,3,2013,1
180,20130415,1,15,4,2013,1
180,20130416,2,16,4,2013,2
181,20130715,1,15,7,2013,1
181,20130716,2,16,7,2013,2
182,20130518,1,18,5,2013,6
182,20130519,2,19,5,2013,0
183,20130715,1,15,7,2013,1
183,20130716,2,16,7,2013,2
184,20130426,1,26,4,2013,5
184,20130427,2,27,4,2013,6
185,20130325,1,25,3,2013,1
185,20130326,2,26,3,2013,2
186,20130329,1,29,3,2013,5
186,20130330,2,30,3,2013,6
187,20130915,1,15,9,2013,0
187,20130916,2,16,9,2013,1
188,20130417,1,17,4,2013,3
188,20130418,2,18,4,2013,4
189,20130418,1,18,4,2013,4
189,20130419,2,19,4,2013,5
190,20130418,1,18,4,2013,4
190,20130419,2,19,4,2013,5
191,20130714,1,14,7,2013,0
191,20130715,2,15,7,2013,1
192,20130415,1,15,4,2013,1
192,20130416,2,16,4,2013,2
193,20130416,1,16,4,2013,2
193,20130417,2,17,4,2013,3
194,20130714,1,14,7,2013,0
194,20130715,2,15,7,2013,1
195,20130405,1,5,4,2013,5
195,20130406,2,6,4,2013,6
196,20130403,1,3,4,2013,3
196,20130404,2,4,4,2013,4
197,20130515,1,15,5,2013,3
197,20130516,2,16,5,2013,4
198,20130514,1,14,5,2013,2
198,20130515,2,15,5,2013,3
199,20130525,1,25,5,2013,6
199,20130526,2,26,5,2013,0
200,20130428,1,28,4,2013,0
200,20130429,2,29,4,2013,1
201,20130428,1,28,4,2013,0
201,20130429,2,29,4,2013,1
202,20130416,1,16,4,2013,2
202,20130417,2,17,4,2013,3
203,20130325,1,25,3,2013,1
203,20130326,2,26,3,2013,2
204,20130328,1,28,3,2013,4
204,20130329,2,29,3,2013,5
205,20130418,1,18,4,2013,4
205,20130419,2,19,4,2013,5
206,20130415,1,15,4,2013,1
206,20130416,2,16,4,2013,2
207,20130426,1,26,4,2013,5
207,20130427,2,27,4,2013,6
208,20130424,1,24,4,2013,3
208,20130425,2,25,4,2013,4
209,20130419,1,19,4,2013,5
209,20130420,2,20,4,2013,6
210,20130418,1,18,4,2013,4
210,20130419,2,19,4,2013,5
211,20130415,1,15,4,2013,1
211,20130416,2,16,4,2013,2
212,20130406,1,6,4,2013,6
212,20130407,2,7,4,2013,0
213,20130715,1,15,7,2013,1
213,20130716,2,16,7,2013,2
214,20130408,1,8,4,2013,1
214,20130409,2,9,4,2013,2
215,20130412,1,12,4,2013,5
215,20130413,2,13,4,2013,6
216,20130430,1,30,4,2013,2
216,20130501,2,1,5,2013,3
217,20130417,1,17,4,2013,3
217,20130418,2,18,4,2013,4
218,20130501,1,1,5,2013,3
218,20130502,2,2,5,2013,4
219,20130421,1,21,4,2013,0
219,20130422,2,22,4,2013,1
220,20130422,1,22,4,2013,1
220,20130423,2,23,4,2013,2
221,20130401,1,1,4,2013,1
221,20130402,2,2,4,2013,2
222,20130429,1,29,4,2013,1
222,20130430,2,30,4,2013,2
223,20130419,1,19,4,2013,5
223,20130420,2,20,4,2013,6
224,20130421,1,21,4,2013,0
224,20130422,2,22,4,2013,1
225,20130401,1,1,4,2013,1
225,20130402,2,2,4,2013,2
226,20130424,1,24,4,2013,3
226,20130425,2,25,4,2013,4
227,20130422,1,22,4,2013,1
227,20130423,2,23,4,2013,2
228,20130510,1,10,5,2013,5
228,20130511,2,11,5,2013,6
229,20130508,1,8,5,2013,3
229,20130509,2,9,5,2013,4
230,20130508,1,8,5,2013,3
230,20130509,2,9,5,2013,4
231,20130501,1,1,5,2013,3
231,20130502,2,2,5,2013,4
232,20130331,1,31,3,2013,0
232,20130401,2,1,4,2013,1
233,20130404,1,4,4,2013,4
233,20130405,2,5,4,2013,5
234,20130330,1,30,3,2013,6
234,20130331,2,31,3,2013,0
235,20130401,1,1,4,2013,1
235,20130402,2,2,4,2013,2
236,20130404,1,4,4,2013,4
236,20130405,2,5,4,2013,5
237,20130421,1,21,4,2013,0
237,20130422,2,22,4,2013,1
238,20130422,1,22,4,2013,1
238,20130423,2,23,4,2013,2
239,20130404,1,4,4,2013,4
239,20130405,2,5,4,2013,5
240,20130424,1,24,4,2013,3
240,20130425,2,25,4,2013,4
241,20130505,1,5,5,2013,0
241,20130506,2,6,5,2013,1
242,20130423,1,23,4,2013,2
242,20130424,2,24,4,2013,3
243,20130426,1,26,4,2013,5
243,20130427,2,27,4,2013,6
244,20130403,1,3,4,2013,3
244,20130404,2,4,4,2013,4
245,20130421,1,21,4,2013,0
245,20130422,2,22,4,2013,1
246,20130424,1,24,4,2013,3
246,20130425,2,25,4,2013,4
247,20130501,1,1,5,2013,3
247,20130502,2,2,5,2013,4
248,20130501,1,1,5,2013,3
248,20130502,2,2,5,2013,4
249,20130330,1,30,3,2013,6
249,20130331,2,31,3,2013,0
250,20130330,1,30,3,2013,6
250,20130331,2,31,3,2013,0
251,20130326,1,26,3,2013,2
251,20130327,2,27,3,2013,3
252,20130614,1,14,6,2013,5
252,20130615,2,15,6,2013,6
253,20130614,1,14,6,2013,5
253,20130615,2,15,6,2013,6
254,20130530,1,30,5,2013,4
254,20130501,2,1,5,2013,3
255,20130427,1,27,4,2013,6
255,20130428,2,28,4,2013,0
256,20130614,1,14,6,2013,5
256,20130615,2,15,6,2013,6
257,20130607,1,7,6,2013,5
257,20130608,2,8,6,2013,6
258,20130607,1,7,6,2013,5
258,20130608,2,8,6,2013,6
259,20130513,1,13,5,2013,1
259,20130514,2,14,5,2013,2
260,20130514,1,14,5,2013,2
260,20130515,2,15,5,2013,3
261,20130715,1,15,7,2013,1
261,20130716,2,16,7,2013,2
262,20130502,1,2,5,2013,4
262,20130503,2,3,5,2013,5
263,20130414,1,14,4,2013,0
263,20130415,2,15,4,2013,1
264,20130427,1,27,4,2013,6
264,20130428,2,28,4,2013,0
265,20130416,1,16,4,2013,2
265,20130417,2,17,4,2013,3
266,20130409,1,9,4,2013,2
266,20130410,2,10,4,2013,3
267,20130504,1,4,5,2013,6
267,20130505,2,5,5,2013,0
268,20130511,1,11,5,2013,6
268,20130512,2,12,5,2013,0
269,20130515,1,15,5,2013,3
269,20130516,2,16,5,2013,4
270,20130401,1,1,4,2013,1
270,20130402,2,2,4,2013,2
271,20130512,1,12,5,2013,0
271,20130513,2,13,5,2013,1
272,20130503,1,3,5,2013,5
272,20130504,2,4,5,2013,6
273,20130415,1,15,4,2013,1
273,20130416,2,16,4,2013,2
274,20130428,1,28,4,2013,0
274,20130429,2,29,4,2013,1
275,20130514,1,14,5,2013,2
275,20130515,2,15,5,2013,3
276,20130406,1,6,4,2013,6
276,20130407,2,7,4,2013,0
277,20130417,1,17,4,2013,3
277,20130418,2,18,4,2013,4
278,20130505,1,5,5,2013,0
278,20130506,2,6,5,2013,1
279,20130510,1,10,5,2013,5
279,20130511,2,11,5,2013,6
280,20130410,1,10,4,2013,3
280,20130411,2,11,4,2013,4
281,20130422,1,22,4,2013,1
281,20130423,2,23,4,2013,2
282,20130407,1,7,4,2013,0
282,20130408,2,8,4,2013,1
283,20130409,1,9,4,2013,2
283,20130410,2,10,4,2013,3
284,20130406,1,6,4,2013,6
284,20130407,2,7,4,2013,0
285,20130718,1,18,7,2013,4
285,20130719,2,19,7,2013,5
286,20130418,1,18,4,2013,4
286,20130419,2,19,4,2013,5
287,20130417,1,17,4,2013,3
287,20130418,2,18,4,2013,4
288,20130402,1,2,4,2013,2
288,20130403,2,3,4,2013,3
289,20130403,1,3,4,2013,3
289,20130404,2,4,4,2013,4
290,20130425,1,25,4,2013,4
290,20130426,2,26,4,2013,5
291,20130326,1,26,3,2013,2
291,20130327,2,27,3,2013,3
292,20130325,1,25,3,2013,1
292,20130326,2,26,3,2013,2
293,20130328,1,28,3,2013,4
293,20130329,2,29,3,2013,5
294,20130329,1,29,3,2013,5
294,20130330,2,30,3,2013,6
295,20130329,1,29,3,2013,5
295,20130330,2,30,3,2013,6
296,20130412,1,12,4,2013,5
296,20130413,2,13,4,2013,6
297,20130331,1,31,3,2013,0
297,20130401,2,1,4,2013,1
298,20130329,1,29,3,2013,5
298,20130330,2,30,3,2013,6
299,20130325,1,25,3,2013,1
299,20130326,2,26,3,2013,2
300,20130331,1,31,3,2013,0
300,20130401,2,1,4,2013,1
301,20130401,1,1,4,2013,1
301,20130402,2,2,4,2013,2
302,20130329,1,29,3,2013,5
302,20130330,2,30,3,2013,6
303,20130403,1,3,4,2013,3
303,20130404,2,4,4,2013,4
304,20130405,1,5,4,2013,5
304,20130406,2,6,4,2013,6
305,20130419,1,19,4,2013,5
305,20130420,2,20,4,2013,6
306,20130328,1,28,3,2013,4
306,20130329,2,29,3,2013,5
307,20130325,1,25,3,2013,1
307,20130326,2,26,3,2013,2
308,20130420,1,20,4,2013,6
308,20130421,2,21,4,2013,0
309,20130420,1,20,4,2013,6
309,20130421,2,21,4,2013,0
310,20130415,1,15,4,2013,1
310,20130416,2,16,4,2013,2
311,20130430,1,30,4,2013,2
311,20130501,2,1,5,2013,3
312,20130416,1,16,4,2013,2
312,20130417,2,17,4,2013,3
313,20130423,1,23,4,2013,2
313,20130424,2,24,4,2013,3
314,20130421,1,21,4,2013,0
314,20130422,2,22,4,2013,1
315,20130426,1,26,4,2013,5
315,20130427,2,27,4,2013,6
316,20130426,1,26,4,2013,5
316,20130427,2,27,4,2013,6
317,20130421,1,21,4,2013,0
317,20130422,2,22,4,2013,1
318,20130422,1,22,4,2013,1
318,20130423,2,23,4,2013,2
319,20130416,1,16,4,2013,2
319,20130417,2,17,4,2013,3
320,20130415,1,15,4,2013,1
320,20130416,2,16,4,2013,2
321,20130420,1,20,4,2013,6
321,20130421,2,21,4,2013,0
322,20130430,1,30,4,2013,2
322,20130501,2,1,5,2013,3
323,20130427,1,27,4,2013,6
323,20130428,2,28,4,2013,0
324,20130423,1,23,4,2013,2
324,20130424,2,24,4,2013,3
325,20130530,1,30,5,2013,4
325,20130501,2,1,5,2013,3
326,20130424,1,24,4,2013,3
326,20130425,2,25,4,2013,4
327,20130421,1,21,4,2013,0
327,20130422,2,22,4,2013,1
328,20130425,1,25,4,2013,4
328,20130426,2,26,4,2013,5
329,20130324,1,24,3,2013,0
329,20130325,2,25,3,2013,1
330,20130429,1,29,4,2013,1
330,20130430,2,30,4,2013,2
331,20130503,1,3,5,2013,5
331,20130504,2,4,5,2013,6
332,20130514,1,14,5,2013,2
332,20130515,2,15,5,2013,3
333,20130502,1,2,5,2013,4
333,20130503,2,3,5,2013,5
334,20130429,1,29,4,2013,1
334,20130430,2,30,4,2013,2
335,20130331,1,31,3,2013,0
335,20130401,2,1,4,2013,1
336,20130329,1,29,3,2013,5
336,20130330,2,30,3,2013,6
337,20130513,1,13,5,2013,1
337,20130514,2,14,5,2013,2
338,20130326,1,26,3,2013,2
338,20130327,2,27,3,2013,3
339,20130331,1,31,3,2013,0
339,20130401,2,1,4,2013,1
340,20130327,1,27,3,2013,3
340,20130328,2,28,3,2013,4
341,20130326,1,26,3,2013,2
341,20130327,2,27,3,2013,3
342,20130331,1,31,3,2013,0
342,20130401,2,1,4,2013,1
343,20130505,1,5,5,2013,0
343,20130506,2,6,5,2013,1
344,20130324,1,24,3,2013,0
344,20130325,2,25,3,2013,1
345,20130401,1,1,4,2013,1
345,20130402,2,2,4,2013,2
346,20130401,1,1,4,2013,1
346,20130402,2,2,4,2013,2
347,20130324,1,24,3,2013,0
347,20130325,2,25,3,2013,1
348,20130325,1,25,3,2013,1
348,20130326,2,26,3,2013,2
349,20130327,1,27,3,2013,3
349,20130328,2,28,3,2013,4
350,20130507,1,7,5,2013,2
350,20130508,2,8,5,2013,3
351,20130518,1,18,5,2013,6
351,20130519,2,19,5,2013,0
352,20130419,1,19,4,2013,5
352,20130420,2,20,4,2013,6
353,20130419,1,19,4,2013,5
353,20130420,2,20,4,2013,6
354,20130328,1,28,3,2013,4
354,20130329,2,29,3,2013,5
355,20130505,1,5,5,2013,0
355,20130506,2,6,5,2013,1
356,20130519,1,19,5,2013,0
356,20130520,2,20,5,2013,1
357,20130520,1,20,5,2013,1
357,20130521,2,21,5,2013,2
358,20130506,1,6,5,2013,1
358,20130507,2,7,5,2013,2
359,20130507,1,7,5,2013,2
359,20130508,2,8,5,2013,3
360,20130510,1,10,5,2013,5
360,20130511,2,11,5,2013,6
361,20130506,1,6,5,2013,1
361,20130507,2,7,5,2013,2
362,20130502,1,2,5,2013,4
362,20130503,2,3,5,2013,5
363,20130427,1,27,4,2013,6
363,20130428,2,28,4,2013,0
364,20130503,1,3,5,2013,5
364,20130504,2,4,5,2013,6
365,20130510,1,10,5,2013,5
365,20130511,2,11,5,2013,6
366,20130509,1,9,5,2013,4
366,20130510,2,10,5,2013,5
367,20130430,1,30,4,2013,2
367,20130501,2,1,5,2013,3
368,20130514,1,14,5,2013,2
368,20130515,2,15,5,2013,3
369,20130503,1,3,5,2013,5
369,20130504,2,4,5,2013,6
370,20130504,1,4,5,2013,6
370,20130505,2,5,5,2013,0
371,20130520,1,20,5,2013,1
371,20130521,2,21,5,2013,2
372,20130429,1,29,4,2013,1
372,20130430,2,30,4,2013,2
373,20130520,1,20,5,2013,1
373,20130521,2,21,5,2013,2
374,20130519,1,19,5,2013,0
374,20130520,2,20,5,2013,1
375,20130519,1,19,5,2013,0
375,20130520,2,20,5,2013,1
376,20130505,1,5,5,2013,0
376,20130506,2,6,5,2013,1
377,20130504,1,4,5,2013,6
377,20130505,2,5,5,2013,0
378,20130520,1,20,5,2013,1
378,20130521,2,21,5,2013,2
379,20130506,1,6,5,2013,1
379,20130507,2,7,5,2013,2
380,20130512,1,12,5,2013,0
380,20130513,2,13,5,2013,1
381,20130530,1,30,5,2013,4
381,20130501,2,1,5,2013,3
382,20130426,1,26,4,2013,5
382,20130427,2,27,4,2013,6
383,20130520,1,20,5,2013,1
383,20130521,2,21,5,2013,2
384,20130517,1,17,5,2013,5
384,20130518,2,18,5,2013,6
385,20130517,1,17,5,2013,5
385,20130518,2,18,5,2013,6
386,20130515,1,15,5,2013,3
386,20130516,2,16,5,2013,4
387,20130607,1,7,6,2013,5
387,20130608,2,8,6,2013,6
388,20130513,1,13,5,2013,1
388,20130514,2,14,5,2013,2
389,20130515,1,15,5,2013,3
389,20130516,2,16,5,2013,4
390,20130516,1,16,5,2013,4
390,20130517,2,17,5,2013,5
391,20130515,1,15,5,2013,3
391,20130516,2,16,5,2013,4
392,20130516,1,16,5,2013,4
392,20130517,2,17,5,2013,5
393,20130331,1,31,3,2013,0
393,20130401,2,1,4,2013,1
394,20130404,1,4,4,2013,4
394,20130405,2,5,4,2013,5
395,20130430,1,30,4,2013,2
395,20130501,2,1,5,2013,3
396,20130505,1,5,5,2013,0
396,20130506,2,6,5,2013,1
397,20130501,1,1,5,2013,3
397,20130502,2,2,5,2013,4
398,20130518,1,18,5,2013,6
398,20130519,2,19,5,2013,0
399,20130408,1,8,4,2013,1
399,20130409,2,9,4,2013,2
400,20130509,1,9,5,2013,4
400,20130510,2,10,5,2013,5
401,20130517,1,17,5,2013,5
401,20130518,2,18,5,2013,6
402,20130512,1,12,5,2013,0
402,20130513,2,13,5,2013,1
403,20130514,1,14,5,2013,2
403,20130515,2,15,5,2013,3
404,20130515,1,15,5,2013,3
404,20130516,2,16,5,2013,4
405,20130506,1,6,5,2013,1
405,20130507,2,7,5,2013,2
406,20130515,1,15,5,2013,3
406,20130516,2,16,5,2013,4
407,20130512,1,12,5,2013,0
407,20130513,2,13,5,2013,1
408,20130514,1,14,5,2013,2
408,20130515,2,15,5,2013,3
409,20130514,1,14,5,2013,2
409,20130515,2,15,5,2013,3
410,20130518,1,18,5,2013,6
410,20130519,2,19,5,2013,0
411,20130614,1,14,6,2013,5
411,20130615,2,15,6,2013,6
412,20130614,1,14,6,2013,5
412,20130615,2,15,6,2013,6
413,20130514,1,14,5,2013,2
413,20130515,2,15,5,2013,3
414,20130324,1,24,3,2013,0
414,20130325,2,25,3,2013,1
415,20130504,1,4,5,2013,6
415,20130505,2,5,5,2013,0
416,20130505,1,5,5,2013,0
416,20130506,2,6,5,2013,1
417,20130504,1,4,5,2013,6
417,20130505,2,5,5,2013,0
418,20130511,1,11,5,2013,6
418,20130512,2,12,5,2013,0
419,20130511,1,11,5,2013,6
419,20130512,2,12,5,2013,0
420,20130415,1,15,4,2013,1
420,20130416,2,16,4,2013,2
421,20130514,1,14,5,2013,2
421,20130515,2,15,5,2013,3
422,20130512,1,12,5,2013,0
422,20130513,2,13,5,2013,1
423,20130513,1,13,5,2013,1
423,20130514,2,14,5,2013,2
424,20130516,1,16,5,2013,4
424,20130517,2,17,5,2013,5
425,20130512,1,12,5,2013,0
425,20130513,2,13,5,2013,1
426,20130514,1,14,5,2013,2
426,20130515,2,15,5,2013,3
427,20130512,1,12,5,2013,0
427,20130513,2,13,5,2013,1
428,20130507,1,7,5,2013,2
428,20130508,2,8,5,2013,3
429,20130516,1,16,5,2013,4
429,20130517,2,17,5,2013,5
430,20130512,1,12,5,2013,0
430,20130513,2,13,5,2013,1
431,20130505,1,5,5,2013,0
431,20130506,2,6,5,2013,1
432,20130509,1,9,5,2013,4
432,20130510,2,10,5,2013,5
433,20130513,1,13,5,2013,1
433,20130514,2,14,5,2013,2
434,20130513,1,13,5,2013,1
434,20130514,2,14,5,2013,2
435,20130514,1,14,5,2013,2
435,20130515,2,15,5,2013,3
436,20130509,1,9,5,2013,4
436,20130510,2,10,5,2013,5
437,20130508,1,8,5,2013,3
437,20130509,2,9,5,2013,4
438,20130515,1,15,5,2013,3
438,20130516,2,16,5,2013,4
439,20130512,1,12,5,2013,0
439,20130513,2,13,5,2013,1
440,20130430,1,30,4,2013,2
440,20130501,2,1,5,2013,3
441,20130406,1,6,4,2013,6
441,20130407,2,7,4,2013,0
442,20130511,1,11,5,2013,6
442,20130512,2,12,5,2013,0
443,20130418,1,18,4,2013,4
443,20130419,2,19,4,2013,5
444,20130421,1,21,4,2013,0
444,20130422,2,22,4,2013,1
445,20130331,1,31,3,2013,0
445,20130401,2,1,4,2013,1
446,20130328,1,28,3,2013,4
446,20130329,2,29,3,2013,5
447,20130421,1,21,4,2013,0
447,20130422,2,22,4,2013,1
448,20130417,1,17,4,2013,3
448,20130418,2,18,4,2013,4
449,20130507,1,7,5,2013,2
449,20130508,2,8,5,2013,3
450,20130511,1,11,5,2013,6
450,20130512,2,12,5,2013,0
451,20130415,1,15,4,2013,1
451,20130416,2,16,4,2013,2
452,20130327,1,27,3,2013,3
452,20130328,2,28,3,2013,4
453,20130428,1,28,4,2013,0
453,20130429,2,29,4,2013,1
454,20130403,1,3,4,2013,3
454,20130404,2,4,4,2013,4
455,20130415,1,15,4,2013,1
455,20130416,2,16,4,2013,2
456,20130511,1,11,5,2013,6
456,20130512,2,12,5,2013,0
457,20130506,1,6,5,2013,1
457,20130507,2,7,5,2013,2
458,20130418,1,18,4,2013,4
458,20130419,2,19,4,2013,5
459,20130503,1,3,5,2013,5
459,20130504,2,4,5,2013,6
460,20130509,1,9,5,2013,4
460,20130510,2,10,5,2013,5
461,20130508,1,8,5,2013,3
461,20130509,2,9,5,2013,4
462,20130518,1,18,5,2013,6
462,20130519,2,19,5,2013,0
463,20130513,1,13,5,2013,1
463,20130514,2,14,5,2013,2
464,20130402,1,2,4,2013,2
464,20130403,2,3,4,2013,3
465,20130401,1,1,4,2013,1
465,20130402,2,2,4,2013,2
466,20130501,1,1,5,2013,3
466,20130502,2,2,5,2013,4
467,20130504,1,4,5,2013,6
467,20130505,2,5,5,2013,0
468,20130430,1,30,4,2013,2
468,20130501,2,1,5,2013,3
469,20130530,1,30,5,2013,4
469,20130501,2,1,5,2013,3
470,20130430,1,30,4,2013,2
470,20130501,2,1,5,2013,3
471,20130512,1,12,5,2013,0
471,20130513,2,13,5,2013,1
472,20130513,1,13,5,2013,1
472,20130514,2,14,5,2013,2
473,20130513,1,13,5,2013,1
473,20130514,2,14,5,2013,2
474,20130517,1,17,5,2013,5
474,20130518,2,18,5,2013,6
475,20130515,1,15,5,2013,3
475,20130516,2,16,5,2013,4
476,20130516,1,16,5,2013,4
476,20130517,2,17,5,2013,5
477,20130513,1,13,5,2013,1
477,20130514,2,14,5,2013,2
478,20130513,1,13,5,2013,1
478,20130514,2,14,5,2013,2
479,20130419,1,19,4,2013,5
479,20130420,2,20,4,2013,6
480,20130501,1,1,5,2013,3
480,20130502,2,2,5,2013,4
481,20130427,1,27,4,2013,6
481,20130428,2,28,4,2013,0
482,20130405,1,5,4,2013,5
482,20130406,2,6,4,2013,6
483,20130406,1,6,4,2013,6
483,20130407,2,7,4,2013,0
484,20130717,1,17,7,2013,3
484,20130718,2,18,7,2013,4
485,20130329,1,29,3,2013,5
485,20130330,2,30,3,2013,6
486,20130514,1,14,5,2013,2
486,20130515,2,15,5,2013,3
487,20130426,1,26,4,2013,5
487,20130427,2,27,4,2013,6
488,20130429,1,29,4,2013,1
488,20130430,2,30,4,2013,2
489,20130712,1,12,7,2013,5
489,20130713,2,13,7,2013,6
490,20130514,1,14,5,2013,2
490,20130515,2,15,5,2013,3
491,20130718,1,18,7,2013,4
491,20130719,2,19,7,2013,5
492,20130328,1,28,3,2013,4
492,20130329,2,29,3,2013,5
493,20130716,1,16,7,2013,2
493,20130717,2,17,7,2013,3
494,20130422,1,22,4,2013,1
494,20130423,2,23,4,2013,2
495,20130418,1,18,4,2013,4
495,20130419,2,19,4,2013,5
496,20130415,1,15,4,2013,1
496,20130416,2,16,4,2013,2
497,20130421,1,21,4,2013,0
497,20130422,2,22,4,2013,1
498,20130410,1,10,4,2013,3
498,20130411,2,11,4,2013,4
499,20130330,1,30,3,2013,6
499,20130331,2,31,3,2013,0
500,20130513,1,13,5,2013,1
500,20130514,2,14,5,2013,2
501,20130713,1,13,7,2013,6
501,20130714,2,14,7,2013,0
502,20130421,1,21,4,2013,0
502,20130422,2,22,4,2013,1
503,20130428,1,28,4,2013,0
503,20130429,2,29,4,2013,1
504,20130714,1,14,7,2013,0
504,20130715,2,15,7,2013,1
505,20130403,1,3,4,2013,3
505,20130404,2,4,4,2013,4
506,20130513,1,13,5,2013,1
506,20130514,2,14,5,2013,2
507,20130714,1,14,7,2013,0
507,20130715,2,15,7,2013,1
508,20130425,1,25,4,2013,4
508,20130426,2,26,4,2013,5
509,20130408,1,8,4,2013,1
509,20130409,2,9,4,2013,2
510,20130411,1,11,4,2013,4
510,20130412,2,12,4,2013,5
511,20130712,1,12,7,2013,5
511,20130713,2,13,7,2013,6
512,20130414,1,14,4,2013,0
512,20130415,2,15,4,2013,1
513,20130501,1,1,5,2013,3
513,20130502,2,2,5,2013,4
514,20130501,1,1,5,2013,3
514,20130502,2,2,5,2013,4
515,20130713,1,13,7,2013,6
515,20130714,2,14,7,2013,0
516,20130408,1,8,4,2013,1
516,20130409,2,9,4,2013,2
517,20130428,1,28,4,2013,0
517,20130429,2,29,4,2013,1
518,20130428,1,28,4,2013,0
518,20130429,2,29,4,2013,1
519,20130423,1,23,4,2013,2
519,20130424,2,24,4,2013,3
520,20130715,1,15,7,2013,1
520,20130716,2,16,7,2013,2
521,20130421,1,21,4,2013,0
521,20130422,2,22,4,2013,1
522,20130408,1,8,4,2013,1
522,20130409,2,9,4,2013,2
523,20130715,1,15,7,2013,1
523,20130716,2,16,7,2013,2
524,20130503,1,3,5,2013,5
524,20130504,2,4,5,2013,6
525,20130429,1,29,4,2013,1
525,20130430,2,30,4,2013,2
526,20130716,1,16,7,2013,2
526,20130717,2,17,7,2013,3
527,20130430,1,30,4,2013,2
527,20130501,2,1,5,2013,3
528,20130406,1,6,4,2013,6
528,20130407,2,7,4,2013,0
529,20130715,1,15,7,2013,1
529,20130716,2,16,7,2013,2
530,20130715,1,15,7,2013,1
530,20130716,2,16,7,2013,2
531,20130415,1,15,4,2013,1
531,20130416,2,16,4,2013,2
532,20130415,1,15,4,2013,1
532,20130416,2,16,4,2013,2
533,20130421,1,21,4,2013,0
533,20130422,2,22,4,2013,1
534,20130426,1,26,4,2013,5
534,20130427,2,27,4,2013,6
535,20130420,1,20,4,2013,6
535,20130421,2,21,4,2013,0
536,20130420,1,20,4,2013,6
536,20130421,2,21,4,2013,0
537,20130421,1,21,4,2013,0
537,20130422,2,22,4,2013,1
538,20130507,1,7,5,2013,2
538,20130508,2,8,5,2013,3
539,20130501,1,1,5,2013,3
539,20130502,2,2,5,2013,4
540,20130502,1,2,5,2013,4
540,20130503,2,3,5,2013,5
541,20130401,1,1,4,2013,1
541,20130402,2,2,4,2013,2
542,20130501,1,1,5,2013,3
542,20130502,2,2,5,2013,4
543,20130611,1,11,6,2013,2
543,20130612,2,12,6,2013,3
544,20130514,1,14,5,2013,2
544,20130515,2,15,5,2013,3
545,20130504,1,4,5,2013,6
545,20130505,2,5,5,2013,0
546,20130504,1,4,5,2013,6
546,20130505,2,5,5,2013,0
547,20130517,1,17,5,2013,5
547,20130518,2,18,5,2013,6
548,20130410,1,10,4,2013,3
548,20130411,2,11,4,2013,4
549,20130429,1,29,4,2013,1
549,20130430,2,30,4,2013,2
550,20130430,1,30,4,2013,2
550,20130501,2,1,5,2013,3
551,20130504,1,4,5,2013,6
551,20130505,2,5,5,2013,0
552,20130425,1,25,4,2013,4
552,20130426,2,26,4,2013,5
553,20130513,1,13,5,2013,1
553,20130514,2,14,5,2013,2
554,20130716,1,16,7,2013,2
554,20130717,2,17,7,2013,3
555,20130619,1,19,6,2013,3
555,20130620,2,20,6,2013,4
556,20130527,1,27,5,2013,1
556,20130528,2,28,5,2013,2
557,20130616,1,16,6,2013,0
557,20130617,2,17,6,2013,1
558,20130714,1,14,7,2013,0
558,20130715,2,15,7,2013,1
559,20130714,1,14,7,2013,0
559,20130715,2,15,7,2013,1
560,20130628,1,28,6,2013,5
560,20130629,2,29,6,2013,6
561,20130618,1,18,6,2013,2
561,20130619,2,19,6,2013,3
562,20130719,1,19,7,2013,5
562,20130720,2,20,7,2013,6
563,20130619,1,19,6,2013,3
563,20130620,2,20,6,2013,4
564,20130619,1,19,6,2013,3
564,20130620,2,20,6,2013,4
565,20130620,1,20,6,2013,4
565,20130621,2,21,6,2013,5
566,20130715,1,15,7,2013,1
566,20130716,2,16,7,2013,2
567,20130618,1,18,6,2013,2
567,20130619,2,19,6,2013,3
568,20130619,1,19,6,2013,3
568,20130620,2,20,6,2013,4
569,20130712,1,12,7,2013,5
569,20130713,2,13,7,2013,6
570,20130629,1,29,6,2013,6
570,20130630,2,30,6,2013,0
571,20130625,1,25,6,2013,2
571,20130626,2,26,6,2013,3
572,20130628,1,28,6,2013,5
572,20130629,2,29,6,2013,6
573,20130609,1,9,6,2013,0
573,20130610,2,10,6,2013,1
574,20130620,1,20,6,2013,4
574,20130621,2,21,6,2013,5
575,20130609,1,9,6,2013,0
575,20130610,2,10,6,2013,1
576,20130713,1,13,7,2013,6
576,20130714,2,14,7,2013,0
577,20130619,1,19,6,2013,3
577,20130620,2,20,6,2013,4
578,20130630,1,30,6,2013,0
578,20130701,2,1,7,2013,1
579,20130622,1,22,6,2013,6
579,20130623,2,23,6,2013,0
580,20130615,1,15,6,2013,6
580,20130616,2,16,6,2013,0
581,20130611,1,11,6,2013,2
581,20130612,2,12,6,2013,3
582,20130714,1,14,7,2013,0
582,20130715,2,15,7,2013,1
583,20130712,1,12,7,2013,5
583,20130713,2,13,7,2013,6
584,20130715,1,15,7,2013,1
584,20130716,2,16,7,2013,2
585,20130616,1,16,6,2013,0
585,20130617,2,17,6,2013,1
586,20130714,1,14,7,2013,0
586,20130715,2,15,7,2013,1
587,20130528,1,28,5,2013,2
587,20130529,2,29,5,2013,3
588,20130714,1,14,7,2013,0
588,20130715,2,15,7,2013,1
589,20130617,1,17,6,2013,1
589,20130618,2,18,6,2013,2
590,20130628,1,28,6,2013,5
590,20130629,2,29,6,2013,6
591,20130521,1,21,5,2013,2
591,20130522,2,22,5,2013,3
592,20130611,1,11,6,2013,2
592,20130612,2,12,6,2013,3
593,20130609,1,9,6,2013,0
593,20130610,2,10,6,2013,1
594,20130623,1,23,6,2013,0
594,20130624,2,24,6,2013,1
595,20130716,1,16,7,2013,2
595,20130717,2,17,7,2013,3
596,20130714,1,14,7,2013,0
596,20130715,2,15,7,2013,1
597,20130618,1,18,6,2013,2
597,20130619,2,19,6,2013,3
598,20130712,1,12,7,2013,5
598,20130713,2,13,7,2013,6
599,20130629,1,29,6,2013,6
599,20130630,2,30,6,2013,0
600,20130626,1,26,6,2013,3
600,20130627,2,27,6,2013,4
601,20130705,1,5,7,2013,5
601,20130706,2,6,7,2013,6
602,20130730,1,30,7,2013,2
602,20130801,2,1,8,2013,4
603,20130701,1,1,7,2013,1
603,20130702,2,2,7,2013,2
604,20130704,1,4,7,2013,4
604,20130705,2,5,7,2013,5
605,20130709,1,9,7,2013,2
605,20130710,2,10,7,2013,3
606,20130703,1,3,7,2013,3
606,20130704,2,4,7,2013,4
607,20130610,1,10,6,2013,1
607,20130611,2,11,6,2013,2
608,20130730,1,30,7,2013,2
608,20130801,2,1,8,2013,4
609,20130708,1,8,7,2013,1
609,20130709,2,9,7,2013,2
610,20130527,1,27,5,2013,1
610,20130528,2,28,5,2013,2
611,20130719,1,19,7,2013,5
611,20130720,2,20,7,2013,6
612,20130614,1,14,6,2013,5
612,20130615,2,15,6,2013,6
613,20130720,1,20,7,2013,6
613,20130721,2,21,7,2013,0
614,20130617,1,17,6,2013,1
614,20130618,2,18,6,2013,2
615,20130605,1,5,6,2013,3
615,20130606,2,6,6,2013,4
616,20130719,1,19,7,2013,5
616,20130720,2,20,7,2013,6
617,20130616,1,16,6,2013,0
617,20130617,2,17,6,2013,1
618,20130718,1,18,7,2013,4
618,20130719,2,19,7,2013,5
619,20130622,1,22,6,2013,6
619,20130623,2,23,6,2013,0
620,20130722,1,22,7,2013,1
620,20130723,2,23,7,2013,2
621,20130703,1,3,7,2013,3
621,20130704,2,4,7,2013,4
622,20130604,1,4,6,2013,2
622,20130605,2,5,6,2013,3
623,20130713,1,13,7,2013,6
623,20130714,2,14,7,2013,0
624,20130713,1,13,7,2013,6
624,20130714,2,14,7,2013,0
625,20130617,1,17,6,2013,1
625,20130618,2,18,6,2013,2
626,20130702,1,2,7,2013,2
626,20130703,2,3,7,2013,3
627,20130529,1,29,5,2013,3
627,20130530,2,30,5,2013,4
628,20130719,1,19,7,2013,5
628,20130720,2,20,7,2013,6
629,20130715,1,15,7,2013,1
629,20130716,2,16,7,2013,2
630,20130616,1,16,6,2013,0
630,20130617,2,17,6,2013,1
631,20130603,1,3,6,2013,1
631,20130604,2,4,6,2013,2
632,20130612,1,12,6,2013,3
632,20130613,2,13,6,2013,4
633,20130602,1,2,6,2013,0
633,20130603,2,3,6,2013,1
634,20130711,1,11,7,2013,4
634,20130712,2,12,7,2013,5
635,20130616,1,16,6,2013,0
635,20130617,2,17,6,2013,1
636,20130602,1,2,6,2013,0
636,20130603,2,3,6,2013,1
637,20130613,1,13,6,2013,4
637,20130614,2,14,6,2013,5
638,20130531,1,31,5,2013,5
638,20130601,2,1,6,2013,6
639,20130602,1,2,6,2013,0
639,20130603,2,3,6,2013,1
640,20130610,1,10,6,2013,1
640,20130611,2,11,6,2013,2
641,20130525,1,25,5,2013,6
641,20130526,2,26,5,2013,0
642,20130614,1,14,6,2013,5
642,20130615,2,15,6,2013,6
643,20130602,1,2,6,2013,0
643,20130603,2,3,6,2013,1
644,20130606,1,6,6,2013,4
644,20130607,2,7,6,2013,5
645,20130604,1,4,6,2013,2
645,20130605,2,5,6,2013,3
646,20130531,1,31,5,2013,5
646,20130601,2,1,6,2013,6
647,20130606,1,6,6,2013,4
647,20130607,2,7,6,2013,5
648,20130618,1,18,6,2013,2
648,20130619,2,19,6,2013,3
649,20130602,1,2,6,2013,0
649,20130603,2,3,6,2013,1
650,20130527,1,27,5,2013,1
650,20130528,2,28,5,2013,2
651,20130603,1,3,6,2013,1
651,20130604,2,4,6,2013,2
652,20130618,1,18,6,2013,2
652,20130619,2,19,6,2013,3
653,20130609,1,9,6,2013,0
653,20130610,2,10,6,2013,1
654,20130605,1,5,6,2013,3
654,20130606,2,6,6,2013,4
655,20130603,1,3,6,2013,1
655,20130604,2,4,6,2013,2
656,20130610,1,10,6,2013,1
656,20130611,2,11,6,2013,2
657,20130530,1,30,5,2013,4
657,20130531,2,31,5,2013,5
658,20130328,1,28,3,2013,4
658,20130329,2,29,3,2013,5
659,20130602,1,2,6,2013,0
659,20130603,2,3,6,2013,1
660,20130602,1,2,6,2013,0
660,20130603,2,3,6,2013,1
661,20130610,1,10,6,2013,1
661,20130611,2,11,6,2013,2
662,20130518,1,18,5,2013,6
662,20130519,2,19,5,2013,0
663,20130521,1,21,5,2013,2
663,20130522,2,22,5,2013,3
664,20130525,1,25,5,2013,6
664,20130526,2,26,5,2013,0
665,20130528,1,28,5,2013,2
665,20130529,2,29,5,2013,3
666,20130605,1,5,6,2013,3
666,20130606,2,6,6,2013,4
667,20130602,1,2,6,2013,0
667,20130603,2,3,6,2013,1
668,20130625,1,25,6,2013,2
668,20130626,2,26,6,2013,3
669,20130717,1,17,7,2013,3
669,20130718,2,18,7,2013,4
670,20130715,1,15,7,2013,1
670,20130716,2,16,7,2013,2
671,20130626,1,26,6,2013,3
671,20130627,2,27,6,2013,4
672,20130629,1,29,6,2013,6
672,20130630,2,30,6,2013,0
673,20130623,1,23,6,2013,0
673,20130624,2,24,6,2013,1
674,20130622,1,22,6,2013,6
674,20130623,2,23,6,2013,0
675,20130613,1,13,6,2013,4
675,20130614,2,14,6,2013,5
676,20130604,1,4,6,2013,2
676,20130605,2,5,6,2013,3
677,20130625,1,25,6,2013,2
677,20130626,2,26,6,2013,3
678,20130625,1,25,6,2013,2
678,20130626,2,26,6,2013,3
679,20130621,1,21,6,2013,5
679,20130622,2,22,6,2013,6
680,20130603,1,3,6,2013,1
680,20130604,2,4,6,2013,2
681,20130622,1,22,6,2013,6
681,20130623,2,23,6,2013,0
682,20130606,1,6,6,2013,4
682,20130607,2,7,6,2013,5
683,20130603,1,3,6,2013,1
683,20130604,2,4,6,2013,2
684,20130604,1,4,6,2013,2
684,20130605,2,5,6,2013,3
685,20130622,1,22,6,2013,6
685,20130623,2,23,6,2013,0
686,20130702,1,2,7,2013,2
686,20130703,2,3,7,2013,3
687,20130527,1,27,5,2013,1
687,20130528,2,28,5,2013,2
688,20130607,1,7,6,2013,5
688,20130608,2,8,6,2013,6
689,20130606,1,6,6,2013,4
689,20130607,2,7,6,2013,5
690,20130606,1,6,6,2013,4
690,20130607,2,7,6,2013,5
691,20130608,1,8,6,2013,6
691,20130609,2,9,6,2013,0
692,20130615,1,15,6,2013,6
692,20130616,2,16,6,2013,0
693,20130606,1,6,6,2013,4
693,20130607,2,7,6,2013,5
694,20130607,1,7,6,2013,5
694,20130608,2,8,6,2013,6
695,20130730,1,30,7,2013,2
695,20130701,2,1,7,2013,1
696,20130603,1,3,6,2013,1
696,20130604,2,4,6,2013,2
697,20130602,1,2,6,2013,0
697,20130603,2,3,6,2013,1
698,20130624,1,24,6,2013,1
698,20130625,2,25,6,2013,2
699,20130606,1,6,6,2013,4
699,20130607,2,7,6,2013,5
700,20130621,1,21,6,2013,5
700,20130622,2,22,6,2013,6
701,20130603,1,3,6,2013,1
701,20130604,2,4,6,2013,2
702,20130615,1,15,6,2013,6
702,20130616,2,16,6,2013,0
703,20130624,1,24,6,2013,1
703,20130625,2,25,6,2013,2
704,20130629,1,29,6,2013,6
704,20130630,2,30,6,2013,0
705,20130624,1,24,6,2013,1
705,20130625,2,25,6,2013,2
706,20130619,1,19,6,2013,3
706,20130620,2,20,6,2013,4
707,20130621,1,21,6,2013,5
707,20130622,2,22,6,2013,6
708,20130603,1,3,6,2013,1
708,20130604,2,4,6,2013,2
709,20130608,1,8,6,2013,6
709,20130609,2,9,6,2013,0
710,20130602,1,2,6,2013,0
710,20130603,2,3,6,2013,1
711,20130624,1,24,6,2013,1
711,20130625,2,25,6,2013,2
712,20130627,1,27,6,2013,4
712,20130628,2,28,6,2013,5
713,20130607,1,7,6,2013,5
713,20130608,2,8,6,2013,6
714,20130608,1,8,6,2013,6
714,20130609,2,9,6,2013,0
715,20130610,1,10,6,2013,1
715,20130611,2,11,6,2013,2
716,20130602,1,2,6,2013,0
716,20130603,2,3,6,2013,1
717,20130622,1,22,6,2013,6
717,20130623,2,23,6,2013,0
718,20130622,1,22,6,2013,6
718,20130623,2,23,6,2013,0
719,20130620,1,20,6,2013,4
719,20130621,2,21,6,2013,5
720,20130620,1,20,6,2013,4
720,20130621,2,21,6,2013,5
721,20130621,1,21,6,2013,5
721,20130622,2,22,6,2013,6
722,20130622,1,22,6,2013,6
722,20130623,2,23,6,2013,0
723,20130616,1,16,6,2013,0
723,20130617,2,17,6,2013,1
724,20130619,1,19,6,2013,3
724,20130620,2,20,6,2013,4
725,20130519,1,19,5,2013,0
725,20130520,2,20,5,2013,1
726,20130528,1,28,5,2013,2
726,20130529,2,29,5,2013,3
727,20130607,1,7,6,2013,5
727,20130608,2,8,6,2013,6
728,20130529,1,29,5,2013,3
728,20130530,2,30,5,2013,4
729,20130521,1,21,5,2013,2
729,20130522,2,22,5,2013,3
730,20130519,1,19,5,2013,0
730,20130520,2,20,5,2013,1
731,20130526,1,26,5,2013,0
731,20130527,2,27,5,2013,1
732,20130606,1,6,6,2013,4
732,20130607,2,7,6,2013,5
733,20130527,1,27,5,2013,1
733,20130528,2,28,5,2013,2
734,20130624,1,24,6,2013,1
734,20130625,2,25,6,2013,2
735,20130529,1,29,5,2013,3
735,20130530,2,30,5,2013,4
736,20130527,1,27,5,2013,1
736,20130528,2,28,5,2013,2
737,20130526,1,26,5,2013,0
737,20130527,2,27,5,2013,1
738,20130704,1,4,7,2013,4
738,20130725,2,25,7,2013,4
739,20130616,1,16,6,2013,0
739,20130617,2,17,6,2013,1
740,20130606,1,6,6,2013,4
740,20130607,2,7,6,2013,5
741,20130609,1,9,6,2013,0
741,20130610,2,10,6,2013,1
742,20130730,1,30,7,2013,2
742,20130801,2,1,8,2013,4
743,20130720,1,20,7,2013,6
743,20130721,2,21,7,2013,0
744,20130623,1,23,6,2013,0
744,20130624,2,24,6,2013,1
745,20130620,1,20,6,2013,4
745,20130621,2,21,6,2013,5
746,20130618,1,18,6,2013,2
746,20130619,2,19,6,2013,3
747,20130604,1,4,6,2013,2
747,20130605,2,5,6,2013,3
748,20130713,1,13,7,2013,6
748,20130714,2,14,7,2013,0
749,20130520,1,20,5,2013,1
749,20130521,2,21,5,2013,2
750,20130626,1,26,6,2013,3
750,20130627,2,27,6,2013,4
751,20130629,1,29,6,2013,6
751,20130630,2,30,6,2013,0
752,20130730,1,30,7,2013,2
752,20130731,2,31,7,2013,3
753,20130704,1,4,7,2013,4
753,20130705,2,5,7,2013,5
754,20130702,1,2,7,2013,2
754,20130703,2,3,7,2013,3
755,20130617,1,17,6,2013,1
755,20130618,2,18,6,2013,2
756,20130706,1,6,7,2013,6
756,20130707,2,7,7,2013,0
757,20130527,1,27,5,2013,1
757,20130528,2,28,5,2013,2
758,20130531,1,31,5,2013,5
758,20130501,2,1,5,2013,3
759,20130609,1,9,6,2013,0
759,20130610,2,10,6,2013,1
760,20130708,1,8,7,2013,1
760,20130709,2,9,7,2013,2
761,20130711,1,11,7,2013,4
761,20130712,2,12,7,2013,5
762,20130610,1,10,6,2013,1
762,20130611,2,11,6,2013,2
763,20130617,1,17,6,2013,1
763,20130618,2,18,6,2013,2
764,20130616,1,16,6,2013,0
764,20130617,2,17,6,2013,1
765,20130616,1,16,6,2013,0
765,20130617,2,17,6,2013,1
766,20130627,1,27,6,2013,4
766,20130628,2,28,6,2013,5
767,20130528,1,28,5,2013,2
767,20130529,2,29,5,2013,3
768,20130713,1,13,7,2013,6
768,20130714,2,14,7,2013,0
769,20130619,1,19,6,2013,3
769,20130620,2,20,6,2013,4
770,20130615,1,15,6,2013,6
770,20130616,2,16,6,2013,0
771,20130528,1,28,5,2013,2
771,20130529,2,29,5,2013,3
772,20130718,1,18,7,2013,4
772,20130719,2,19,7,2013,5
773,20130618,1,18,6,2013,2
773,20130619,2,19,6,2013,3
774,20130529,1,29,5,2013,3
774,20130530,2,30,5,2013,4
775,20130803,1,3,8,2013,6
775,20130804,2,4,8,2013,0
776,20130629,1,29,6,2013,6
776,20130630,2,30,6,2013,0
777,20130628,1,28,6,2013,5
777,20130629,2,29,6,2013,6
778,20130520,1,20,5,2013,1
778,20130521,2,21,5,2013,2
779,20130622,1,22,6,2013,6
779,20130623,2,23,6,2013,0
780,20130613,1,13,6,2013,4
780,20130614,2,14,6,2013,5
781,20130619,1,19,6,2013,3
781,20130620,2,20,6,2013,4
782,20130620,1,20,6,2013,4
782,20130621,2,21,6,2013,5
783,20130615,1,15,6,2013,6
783,20130616,2,16,6,2013,0
784,20130528,1,28,5,2013,2
784,20130529,2,29,5,2013,3
785,20130629,1,29,6,2013,6
785,20130630,2,30,6,2013,0
786,20130527,1,27,5,2013,1
786,20130528,2,28,5,2013,2
787,20130527,1,27,5,2013,1
787,20130528,2,28,5,2013,2
788,20130614,1,14,6,2013,5
788,20130615,2,15,6,2013,6
789,20130629,1,29,6,2013,6
789,20130630,2,30,6,2013,0
790,20130723,1,23,7,2013,2
790,20130724,2,24,7,2013,3
791,20130614,1,14,6,2013,5
791,20130615,2,15,6,2013,6
792,20130605,1,5,6,2013,3
792,20130606,2,6,6,2013,4
793,20130622,1,22,6,2013,6
793,20130623,2,23,6,2013,0
794,20130720,1,20,7,2013,6
794,20130721,2,21,7,2013,0
795,20130720,1,20,7,2013,6
795,20130721,2,21,7,2013,0
796,20130716,1,16,7,2013,2
796,20130717,2,17,7,2013,3
797,20130720,1,20,7,2013,6
797,20130721,2,21,7,2013,0
798,20130617,1,17,6,2013,1
798,20130618,2,18,6,2013,2
799,20130708,1,8,7,2013,1
799,20130709,2,9,7,2013,2
800,20130626,1,26,6,2013,3
800,20130627,2,27,6,2013,4
801,20130615,1,15,6,2013,6
801,20130616,2,16,6,2013,0
802,20130527,1,27,5,2013,1
802,20130528,2,28,5,2013,2
803,20130629,1,29,6,2013,6
803,20130630,2,30,6,2013,0
804,20130716,1,16,7,2013,2
804,20130717,2,17,7,2013,3
805,20130716,1,16,7,2013,2
805,20130717,2,17,7,2013,3
806,20130521,1,21,5,2013,2
806,20130522,2,22,5,2013,3
807,20130521,1,21,5,2013,2
807,20130522,2,22,5,2013,3
808,20130604,1,4,6,2013,2
808,20130605,2,5,6,2013,3
809,20130616,1,16,6,2013,0
809,20130617,2,17,6,2013,1
810,20130616,1,16,6,2013,0
810,20130617,2,17,6,2013,1
811,20130610,1,10,6,2013,1
811,20130611,2,11,6,2013,2
812,20130703,1,3,7,2013,3
812,20130704,2,4,7,2013,4
813,20130715,1,15,7,2013,1
813,20130716,2,16,7,2013,2
814,20130713,1,13,7,2013,6
814,20130714,2,14,7,2013,0
815,20130716,1,16,7,2013,2
815,20130717,2,17,7,2013,3
816,20130716,1,16,7,2013,2
816,20130717,2,17,7,2013,3
817,20130616,1,16,6,2013,0
817,20130617,2,17,6,2013,1
818,20130523,1,23,5,2013,4
818,20130524,2,24,5,2013,5
819,20130520,1,20,5,2013,1
819,20130521,2,21,5,2013,2
820,20130628,1,28,6,2013,5
820,20130629,2,29,6,2013,6
821,20130609,1,9,6,2013,0
821,20130610,2,10,6,2013,1
822,20130624,1,24,6,2013,1
822,20130625,2,25,6,2013,2
823,20130701,1,1,7,2013,1
823,20130702,2,2,7,2013,2
824,20130703,1,3,7,2013,3
824,20130704,2,4,7,2013,4
825,20130703,1,3,7,2013,3
825,20130704,2,4,7,2013,4
826,20130713,1,13,7,2013,6
826,20130714,2,14,7,2013,0
827,20130708,1,8,7,2013,1
827,20130709,2,9,7,2013,2
828,20130606,1,6,6,2013,4
828,20130607,2,7,6,2013,5
829,20130603,1,3,6,2013,1
829,20130604,2,4,6,2013,2
830,20130613,1,13,6,2013,4
830,20130614,2,14,6,2013,5
831,20130620,1,20,6,2013,4
831,20130621,2,21,6,2013,5
832,20130622,1,22,6,2013,6
832,20130623,2,23,6,2013,0
833,20130616,1,16,6,2013,0
833,20130617,2,17,6,2013,1
834,20130524,1,24,5,2013,5
834,20130525,2,25,5,2013,6
835,20130526,1,26,5,2013,0
835,20130527,2,27,5,2013,1
836,20130521,1,21,5,2013,2
836,20130522,2,22,5,2013,3
837,20130621,1,21,6,2013,5
837,20130622,2,22,6,2013,6
838,20130524,1,24,5,2013,5
838,20130525,2,25,5,2013,6
839,20130620,1,20,6,2013,4
839,20130621,2,21,6,2013,5
840,20130618,1,18,6,2013,2
840,20130619,2,19,6,2013,3
841,20130619,1,19,6,2013,3
841,20130620,2,20,6,2013,4
842,20130525,1,25,5,2013,6
842,20130526,2,26,5,2013,0
843,20130605,1,5,6,2013,3
843,20130606,2,6,6,2013,4
844,20130613,1,13,6,2013,4
844,20130614,2,14,6,2013,5
845,20130617,1,17,6,2013,1
845,20130618,2,18,6,2013,2
846,20130621,1,21,6,2013,5
846,20130622,2,22,6,2013,6
847,20130621,1,21,6,2013,5
847,20130622,2,22,6,2013,6
848,20130619,1,19,6,2013,3
848,20130620,2,20,6,2013,4
849,20130607,1,7,6,2013,5
849,20130608,2,8,6,2013,6
850,20130603,1,3,6,2013,1
850,20130604,2,4,6,2013,2
851,20130610,1,10,6,2013,1
851,20130611,2,11,6,2013,2
852,20130609,1,9,6,2013,0
852,20130610,2,10,6,2013,1
853,20130521,1,21,5,2013,2
853,20130522,2,22,5,2013,3
854,20130611,1,11,6,2013,2
854,20130612,2,12,6,2013,3
855,20130615,1,15,6,2013,6
855,20130616,2,16,6,2013,0
856,20130722,1,22,7,2013,1
856,20130723,2,23,7,2013,2
857,20130714,1,14,7,2013,0
857,20130715,2,15,7,2013,1
858,20130619,1,19,6,2013,3
858,20130620,2,20,6,2013,4
859,20130623,1,23,6,2013,0
859,20130624,2,24,6,2013,1
860,20130620,1,20,6,2013,4
860,20130621,2,21,6,2013,5
861,20130622,1,22,6,2013,6
861,20130623,2,23,6,2013,0
862,20130613,1,13,6,2013,4
862,20130614,2,14,6,2013,5
863,20130613,1,13,6,2013,4
863,20130614,2,14,6,2013,5
864,20130602,1,2,6,2013,0
864,20130603,2,3,6,2013,1
865,20130610,1,10,6,2013,1
865,20130611,2,11,6,2013,2
866,20130611,1,11,6,2013,2
866,20130612,2,12,6,2013,3
867,20130606,1,6,6,2013,4
867,20130607,2,7,6,2013,5
868,20130615,1,15,6,2013,6
868,20130616,2,16,6,2013,0
869,20130628,1,28,6,2013,5
869,20130629,2,29,6,2013,6
870,20130614,1,14,6,2013,5
870,20130615,2,15,6,2013,6
871,20130610,1,10,6,2013,1
871,20130611,2,11,6,2013,2
872,20130524,1,24,5,2013,5
872,20130525,2,25,5,2013,6
873,20130525,1,25,5,2013,6
873,20130526,2,26,5,2013,0
874,20130613,1,13,6,2013,4
874,20130614,2,14,6,2013,5
875,20130601,1,1,6,2013,6
875,20130602,2,2,6,2013,0
876,20130626,1,26,6,2013,3
876,20130627,2,27,6,2013,4
877,20130531,1,31,5,2013,5
877,20130601,2,1,6,2013,6
878,20130708,1,8,7,2013,1
878,20130709,2,9,7,2013,2
879,20130606,1,6,6,2013,4
879,20130607,2,7,6,2013,5
880,20130610,1,10,6,2013,1
880,20130611,2,11,6,2013,2
881,20130610,1,10,6,2013,1
881,20130611,2,11,6,2013,2
882,20130522,1,22,5,2013,3
882,20130523,2,23,5,2013,4
883,20130521,1,21,5,2013,2
883,20130522,2,22,5,2013,3
884,20130527,1,27,5,2013,1
884,20130528,2,28,5,2013,2
885,20130605,1,5,6,2013,3
885,20130606,2,6,6,2013,4
886,20130524,1,24,5,2013,5
886,20130525,2,25,5,2013,6
887,20130707,1,7,7,2013,0
887,20130708,2,8,7,2013,1
888,20130522,1,22,5,2013,3
888,20130523,2,23,5,2013,4
889,20130612,1,12,6,2013,3
889,20130613,2,13,6,2013,4
890,20130703,1,3,7,2013,3
890,20130704,2,4,7,2013,4
891,20130711,1,11,7,2013,4
891,20130712,2,12,7,2013,5
892,20130528,1,28,5,2013,2
892,20130529,2,29,5,2013,3
893,20130629,1,29,6,2013,6
893,20130630,2,30,6,2013,0
894,20130627,1,27,6,2013,4
894,20130628,2,28,6,2013,5
895,20130730,1,30,7,2013,2
895,20130701,2,1,7,2013,1
896,20130626,1,26,6,2013,3
896,20130627,2,27,6,2013,4
897,20130704,1,4,7,2013,4
897,20130705,2,5,7,2013,5
898,20130628,1,28,6,2013,5
898,20130629,2,29,6,2013,6
899,20130716,1,16,7,2013,2
899,20130717,2,17,7,2013,3
900,20130606,1,6,6,2013,4
900,20130607,2,7,6,2013,5
901,20130606,1,6,6,2013,4
901,20130607,2,7,6,2013,5
902,20130605,1,5,6,2013,3
902,20130606,2,6,6,2013,4
903,20130703,1,3,7,2013,3
903,20130704,2,4,7,2013,4
904,20130702,1,2,7,2013,2
904,20130703,2,3,7,2013,3
905,20130522,1,22,5,2013,3
905,20130523,2,23,5,2013,4
906,20130701,1,1,7,2013,1
906,20130702,2,2,7,2013,2
907,20130626,1,26,6,2013,3
907,20130627,2,27,6,2013,4
908,20130624,1,24,6,2013,1
908,20130625,2,25,6,2013,2
909,20130607,1,7,6,2013,5
909,20130608,2,8,6,2013,6
910,20130523,1,23,5,2013,4
910,20130524,2,24,5,2013,5
911,20130604,1,4,6,2013,2
911,20130605,2,5,6,2013,3
912,20130629,1,29,6,2013,6
912,20130630,2,30,6,2013,0
913,20130521,1,21,5,2013,2
913,20130522,2,22,5,2013,3
914,20130531,1,31,5,2013,5
914,20130601,2,1,6,2013,6
915,20130624,1,24,6,2013,1
915,20130625,2,25,6,2013,2
916,20130608,1,8,6,2013,6
916,20130609,2,9,6,2013,0
917,20130605,1,5,6,2013,3
917,20130606,2,6,6,2013,4
918,20130522,1,22,5,2013,3
918,20130523,2,23,5,2013,4
919,20130528,1,28,5,2013,2
919,20130529,2,29,5,2013,3
920,20130628,1,28,6,2013,5
920,20130629,2,29,6,2013,6
921,20130527,1,27,5,2013,1
921,20130528,2,28,5,2013,2
922,20130526,1,26,5,2013,0
922,20130527,2,27,5,2013,1
923,20130527,1,27,5,2013,1
923,20130528,2,28,5,2013,2
924,20130620,1,20,6,2013,4
924,20130621,2,21,6,2013,5
925,20130630,1,30,6,2013,0
925,20130701,2,1,7,2013,1
926,20130623,1,23,6,2013,0
926,20130624,2,24,6,2013,1
927,20130628,1,28,6,2013,5
927,20130629,2,29,6,2013,6
928,20130603,1,3,6,2013,1
928,20130604,2,4,6,2013,2
929,20130609,1,9,6,2013,0
929,20130610,2,10,6,2013,1
930,20130608,1,8,6,2013,6
930,20130609,2,9,6,2013,0
931,20130622,1,22,6,2013,6
931,20130623,2,23,6,2013,0
932,20130627,1,27,6,2013,4
932,20130628,2,28,6,2013,5
933,20130626,1,26,6,2013,3
933,20130627,2,27,6,2013,4
934,20130628,1,28,6,2013,5
934,20130629,2,29,6,2013,6
935,20130624,1,24,6,2013,1
935,20130625,2,25,6,2013,2
936,20130629,1,29,6,2013,6
936,20130630,2,30,6,2013,0
937,20130622,1,22,6,2013,6
937,20130623,2,23,6,2013,0
938,20130629,1,29,6,2013,6
938,20130630,2,30,6,2013,0
939,20130627,1,27,6,2013,4
939,20130628,2,28,6,2013,5
940,0,1,NA,NA,NA,6
940,0,2,NA,NA,NA,6
941,20130624,1,24,6,2013,1
941,20130625,2,25,6,2013,2
942,20130629,1,29,6,2013,6
942,20130630,2,30,6,2013,0
943,20130625,1,25,6,2013,2
943,20130626,2,26,6,2013,3
944,20130626,1,26,6,2013,3
944,20130627,2,27,6,2013,4
945,20130609,1,9,6,2013,0
945,20130610,2,10,6,2013,1
946,20130624,1,24,6,2013,1
946,20130625,2,25,6,2013,2
947,20130626,1,26,6,2013,3
947,20130627,2,27,6,2013,4
948,20130619,1,19,6,2013,3
948,20130620,2,20,6,2013,4
949,20130626,1,26,6,2013,3
949,20130627,2,27,6,2013,4
950,20130629,1,29,6,2013,6
950,20130630,2,30,6,2013,0
951,20130624,1,24,6,2013,1
951,20130625,2,25,6,2013,2
952,20130607,1,7,6,2013,5
952,20130608,2,8,6,2013,6
953,20130625,1,25,6,2013,2
953,20130626,2,26,6,2013,3
954,20130619,1,19,6,2013,3
954,20130620,2,20,6,2013,4
955,20130629,1,29,6,2013,6
955,20130630,2,30,6,2013,0
956,20130628,1,28,6,2013,5
956,20130629,2,29,6,2013,6
957,20130628,1,28,6,2013,5
957,20130629,2,29,6,2013,6
958,20130611,1,11,6,2013,2
958,20130612,2,12,6,2013,3
959,20130625,1,25,6,2013,2
959,20130626,2,26,6,2013,3
960,20130629,1,29,6,2013,6
960,20130630,2,30,6,2013,0
961,20130615,1,15,6,2013,6
961,20130616,2,16,6,2013,0
962,20130621,1,21,6,2013,5
962,20130622,2,22,6,2013,6
963,20130629,1,29,6,2013,6
963,20130630,2,30,6,2013,0
964,20130524,1,24,5,2013,5
964,20130525,2,25,5,2013,6
965,20130519,1,19,5,2013,0
965,20130520,2,20,5,2013,1
966,20130526,1,26,5,2013,0
966,20130527,2,27,5,2013,1
967,20130603,1,3,6,2013,1
967,20130604,2,4,6,2013,2
968,20130613,1,13,6,2013,4
968,20130614,2,14,6,2013,5
969,20130628,1,28,6,2013,5
969,20130629,2,29,6,2013,6
970,20130607,1,7,6,2013,5
970,20130608,2,8,6,2013,6
971,20130611,1,11,6,2013,2
971,20130612,2,12,6,2013,3
972,20130615,1,15,6,2013,6
972,20130616,2,16,6,2013,0
973,20130706,1,6,7,2013,6
973,20130707,2,7,7,2013,0
974,20130705,1,5,7,2013,5
974,20130706,2,6,7,2013,6
975,20130701,1,1,7,2013,1
975,20130702,2,2,7,2013,2
976,20130730,1,30,7,2013,2
976,20130801,2,1,8,2013,4
977,20130525,1,25,5,2013,6
977,20130526,2,26,5,2013,0
978,20130705,1,5,7,2013,5
978,20130706,2,6,7,2013,6
979,20130521,1,21,5,2013,2
979,20130522,2,22,5,2013,3
980,20130530,1,30,5,2013,4
980,20130531,2,31,5,2013,5
981,20130716,1,16,7,2013,2
981,20130717,2,17,7,2013,3
982,20130616,1,16,6,2013,0
982,20130617,2,17,6,2013,1
983,20130624,1,24,6,2013,1
983,20130625,2,25,6,2013,2
984,20130520,1,20,5,2013,1
984,20130521,2,21,5,2013,2
985,20130713,1,13,7,2013,6
985,20130714,2,14,7,2013,0
986,20130706,1,6,7,2013,6
986,20130707,2,7,7,2013,0
987,20130619,1,19,6,2013,3
987,20130620,2,20,6,2013,4
988,20130628,1,28,6,2013,5
988,20130629,2,29,6,2013,6
989,20130708,1,8,7,2013,1
989,20130709,2,9,7,2013,2
990,20130707,1,7,7,2013,0
990,20130708,2,8,7,2013,1
991,20130527,1,27,5,2013,1
991,20130528,2,28,5,2013,2
992,20130625,1,25,6,2013,2
992,20130626,2,26,6,2013,3
993,20130603,1,3,6,2013,1
993,20130604,2,4,6,2013,2
994,20130615,1,15,6,2013,6
994,20130616,2,16,6,2013,0
995,20130628,1,28,6,2013,5
995,20130629,2,29,6,2013,6
996,20130710,1,10,7,2013,3
996,20130711,2,11,7,2013,4
997,20130623,1,23,6,2013,0
997,20130624,2,24,6,2013,1
998,20130701,1,1,7,2013,1
998,20130702,2,2,7,2013,2
999,20130606,1,6,6,2013,4
999,20130607,2,7,6,2013,5
1000,20130608,1,8,6,2013,6
1000,20130609,2,9,6,2013,0
1001,20130530,1,30,5,2013,4
1001,20130531,2,31,5,2013,5
1002,20130706,1,6,7,2013,6
1002,20130707,2,7,7,2013,0
1003,20130529,1,29,5,2013,3
1003,20130530,2,30,5,2013,4
1004,20130608,1,8,6,2013,6
1004,20130619,2,19,6,2013,3
1005,20130621,1,21,6,2013,5
1005,20130622,2,22,6,2013,6
1006,20130618,1,18,6,2013,2
1006,20130619,2,19,6,2013,3
1007,20130530,1,30,5,2013,4
1007,20130531,2,31,5,2013,5
1008,20130611,1,11,6,2013,2
1008,20130612,2,12,6,2013,3
1009,20130623,1,23,6,2013,0
1009,20130624,2,24,6,2013,1
1010,20130604,1,4,6,2013,2
1010,20130605,2,5,6,2013,3
1011,20130701,1,1,7,2013,1
1011,20130702,2,2,7,2013,2
1012,20130624,1,24,6,2013,1
1012,20130625,2,25,6,2013,2
1013,20130624,1,24,6,2013,1
1013,20130625,2,25,6,2013,2
1014,20130626,1,26,6,2013,3
1014,20130627,2,27,6,2013,4
1015,20130622,1,22,6,2013,6
1015,20130623,2,23,6,2013,0
1016,20130523,1,23,5,2013,4
1016,20130524,2,24,5,2013,5
1017,20130529,1,29,5,2013,3
1017,20130530,2,30,5,2013,4
1018,20130617,1,17,6,2013,1
1018,20130618,2,18,6,2013,2
1019,20130628,1,28,6,2013,5
1019,20130629,2,29,6,2013,6
1020,20130521,1,21,5,2013,2
1020,20130522,2,22,5,2013,3
1021,20130627,1,27,6,2013,4
1021,20130628,2,28,6,2013,5
1022,20130624,1,24,6,2013,1
1022,20130625,2,25,6,2013,2
1023,20130610,1,10,6,2013,1
1023,20130611,2,11,6,2013,2
1024,20130611,1,11,6,2013,2
1024,20130612,2,12,6,2013,3
1025,20130529,1,29,5,2013,3
1025,20130530,2,30,5,2013,4
1026,20130529,1,29,5,2013,3
1026,20130530,2,30,5,2013,4
1027,20130622,1,22,6,2013,6
1027,20130623,2,23,6,2013,0
1028,20130607,1,7,6,2013,5
1028,20130608,2,8,6,2013,6
1029,20130529,1,29,5,2013,3
1029,20130530,2,30,5,2013,4
1030,20130521,1,21,5,2013,2
1030,20130522,2,22,5,2013,3
1031,20130614,1,14,6,2013,5
1031,20130615,2,15,6,2013,6
1032,20130626,1,26,6,2013,3
1032,20130627,2,27,6,2013,4
1033,20130613,1,13,6,2013,4
1033,20130614,2,14,6,2013,5
1034,20130523,1,23,5,2013,4
1034,20130524,2,24,5,2013,5
1035,20130606,1,6,6,2013,4
1035,20130607,2,7,6,2013,5
1036,20130613,1,13,6,2013,4
1036,20130614,2,14,6,2013,5
1037,20130620,1,20,6,2013,4
1037,20130621,2,21,6,2013,5
1038,20130622,1,22,6,2013,6
1038,20130623,2,23,6,2013,0
1039,20130606,1,6,6,2013,4
1039,20130607,2,7,6,2013,5
1040,20130525,1,25,5,2013,6
1040,20130526,2,26,5,2013,0
1041,20130606,1,6,6,2013,4
1041,20130607,2,7,6,2013,5
1042,20130528,1,28,5,2013,2
1042,20130529,2,29,5,2013,3
1043,20130608,1,8,6,2013,6
1043,20130609,2,9,6,2013,0
1044,20130701,1,1,7,2013,1
1044,20130702,2,2,7,2013,2
1045,20130626,1,26,6,2013,3
1045,20130627,2,27,6,2013,4
1046,20130713,1,13,7,2013,6
1046,20130714,2,14,7,2013,0
1047,20130629,1,29,6,2013,6
1047,20130630,2,30,6,2013,0
1048,20130629,1,29,6,2013,6
1048,20130630,2,30,6,2013,0
1049,20130626,1,26,6,2013,3
1049,20130627,2,27,6,2013,4
1050,20130628,1,28,6,2013,5
1050,20130629,2,29,6,2013,6
1051,20130630,1,30,6,2013,0
1051,20130701,2,1,7,2013,1
1052,20130712,1,12,7,2013,5
1052,20130713,2,13,7,2013,6
1053,20130714,1,14,7,2013,0
1053,20130715,2,15,7,2013,1
1054,20130625,1,25,6,2013,2
1054,20130626,2,26,6,2013,3
1055,20130702,1,2,7,2013,2
1055,20130703,2,3,7,2013,3
1056,20130713,1,13,7,2013,6
1056,20130714,2,14,7,2013,0
1057,20130717,1,17,7,2013,3
1057,20130718,2,18,7,2013,4
1058,20130622,1,22,6,2013,6
1058,20130623,2,23,6,2013,0
1059,20130716,1,16,7,2013,2
1059,20130717,2,17,7,2013,3
1060,20130604,1,4,6,2013,2
1060,20130605,2,5,6,2013,3
1061,20130620,1,20,6,2013,4
1061,20130621,2,21,6,2013,5
1062,20130622,1,22,6,2013,6
1062,20130623,2,23,6,2013,0
1063,20130604,1,4,6,2013,2
1063,20130605,2,5,6,2013,3
1064,20130616,1,16,6,2013,0
1064,20130617,2,17,6,2013,1
1065,20130620,1,20,6,2013,4
1065,20130621,2,21,6,2013,5
1066,20130609,1,9,6,2013,0
1066,20130610,2,10,6,2013,1
1067,20130622,1,22,6,2013,6
1067,20130623,2,23,6,2013,0
1068,20130616,1,16,6,2013,0
1068,20130617,2,17,6,2013,1
1069,20130609,1,9,6,2013,0
1069,20130610,2,10,6,2013,1
1070,20130523,1,23,5,2013,4
1070,20130524,2,24,5,2013,5
1071,20130611,1,11,6,2013,2
1071,20130612,2,12,6,2013,3
1072,20130626,1,26,6,2013,3
1072,20130627,2,27,6,2013,4
1073,20130528,1,28,5,2013,2
1073,20130529,2,29,5,2013,3
1074,20130606,1,6,6,2013,4
1074,20130607,2,7,6,2013,5
1075,20130522,1,22,5,2013,3
1075,20130523,2,23,5,2013,4
1076,20130621,1,21,6,2013,5
1076,20130622,2,22,6,2013,6
1077,20130529,1,29,5,2013,3
1077,20130530,2,30,5,2013,4
1078,20130717,1,17,7,2013,3
1078,20130718,2,18,7,2013,4
1079,20130521,1,21,5,2013,2
1079,20130522,2,22,5,2013,3
1080,20130520,1,20,5,2013,1
1080,20130521,2,21,5,2013,2
1081,20130607,1,7,6,2013,5
1081,20130608,2,8,6,2013,6
1082,20130629,1,29,6,2013,6
1082,20130630,2,30,6,2013,0
1083,20130603,1,3,6,2013,1
1083,20130604,2,4,6,2013,2
1084,20130605,1,5,6,2013,3
1084,20130606,2,6,6,2013,4
1085,20130525,1,25,5,2013,6
1085,20130526,2,26,5,2013,0
1086,20130615,1,15,6,2013,6
1086,20130616,2,16,6,2013,0
1087,20130607,1,7,6,2013,5
1087,20130608,2,8,6,2013,6
1088,20130613,1,13,6,2013,4
1088,20130614,2,14,6,2013,5
1089,20130607,1,7,6,2013,5
1089,20130608,2,8,6,2013,6
1090,20130802,1,2,8,2013,5
1090,20130803,2,3,8,2013,6
1091,20130611,1,11,6,2013,2
1091,20130612,2,12,6,2013,3
1092,20130605,1,5,6,2013,3
1092,20130606,2,6,6,2013,4
1093,20130622,1,22,6,2013,6
1093,20130623,2,23,6,2013,0
1094,20130615,1,15,6,2013,6
1094,20130616,2,16,6,2013,0
1095,20130603,1,3,6,2013,1
1095,20130604,2,4,6,2013,2
1096,20130706,1,6,7,2013,6
1096,20130707,2,7,7,2013,0
1097,20130706,1,6,7,2013,6
1097,20130707,2,7,7,2013,0
1098,20130701,1,1,7,2013,1
1098,20130702,2,2,7,2013,2
1099,20130803,1,3,8,2013,6
1099,20130804,2,4,8,2013,0
1100,20130706,1,6,7,2013,6
1100,20130707,2,7,7,2013,0
1101,20130704,1,4,7,2013,4
1101,20130705,2,5,7,2013,5
1102,20130628,1,28,6,2013,5
1102,20130629,2,29,6,2013,6
1103,20130627,1,27,6,2013,4
1103,20130628,2,28,6,2013,5
1104,20130709,1,9,7,2013,2
1104,20130710,2,10,7,2013,3
1105,20130616,1,16,6,2013,0
1105,20130617,2,17,6,2013,1
1106,20130714,1,14,7,2013,0
1106,20130715,2,15,7,2013,1
1107,20130605,1,5,6,2013,3
1107,20130606,2,6,6,2013,4
1108,20130603,1,3,6,2013,1
1108,20130604,2,4,6,2013,2
1109,20130526,1,26,5,2013,0
1109,20130527,2,27,5,2013,1
1110,20130611,1,11,6,2013,2
1110,20130612,2,12,6,2013,3
1111,20130525,1,25,5,2013,6
1111,20130526,2,26,5,2013,0
1112,20130612,1,12,6,2013,3
1112,20130613,2,13,6,2013,4
1113,20130604,1,4,6,2013,2
1113,20130605,2,5,6,2013,3
1114,20130524,1,24,5,2013,5
1114,20130525,2,25,5,2013,6
1115,20130523,1,23,5,2013,4
1115,20130524,2,24,5,2013,5
1116,20130606,1,6,6,2013,4
1116,20130607,2,7,6,2013,5
1117,20130525,1,25,5,2013,6
1117,20130526,2,26,5,2013,0
1118,20130526,1,26,5,2013,0
1118,20130527,2,27,5,2013,1
1119,20130716,1,16,7,2013,2
1119,20130717,2,17,7,2013,3
1120,20130608,1,8,6,2013,6
1120,20130609,2,9,6,2013,0
1121,20130610,1,10,6,2013,1
1121,20130611,2,11,6,2013,2
1122,20130613,1,13,6,2013,4
1122,20130614,2,14,6,2013,5
1123,20130526,1,26,5,2013,0
1123,20130527,2,27,5,2013,1
1124,20130609,1,9,6,2013,0
1124,20130610,2,10,6,2013,1
1125,20130609,1,9,6,2013,0
1125,20130610,2,10,6,2013,1
1126,20130615,1,15,6,2013,6
1126,20130616,2,16,6,2013,0
1127,20130530,1,30,5,2013,4
1127,20130531,2,31,5,2013,5
1128,20130527,1,27,5,2013,1
1128,20130528,2,28,5,2013,2
1129,20130616,1,16,6,2013,0
1129,20130617,2,17,6,2013,1
1130,20130612,1,12,6,2013,3
1130,20130613,2,13,6,2013,4
1131,20130611,1,11,6,2013,2
1131,20130612,2,12,6,2013,3
1132,20130612,1,12,6,2013,3
1132,20130613,2,13,6,2013,4
1133,20130620,1,20,6,2013,4
1133,20130621,2,21,6,2013,5
1134,20130730,1,30,7,2013,2
1134,20130731,2,31,7,2013,3
1135,20130619,1,19,6,2013,3
1135,20130620,2,20,6,2013,4
1136,20130619,1,19,6,2013,3
1136,20130620,2,20,6,2013,4
1137,20130617,1,17,6,2013,1
1137,20130618,2,18,6,2013,2
1138,20130617,1,17,6,2013,1
1138,20130618,2,18,6,2013,2
1139,20130617,1,17,6,2013,1
1139,20130618,2,18,6,2013,2
1140,20130529,1,29,5,2013,3
1140,20130530,2,30,5,2013,4
1141,20130603,1,3,6,2013,1
1141,20130604,2,4,6,2013,2
1142,20130612,1,12,6,2013,3
1142,20130613,2,13,6,2013,4
1143,20130718,1,18,7,2013,4
1143,20130719,2,19,7,2013,5
1144,20130718,1,18,7,2013,4
1144,20130719,2,19,7,2013,5
1145,20130617,1,17,6,2013,1
1145,20130618,2,18,6,2013,2
1146,20130704,1,4,7,2013,4
1146,20130705,2,5,7,2013,5
1147,20130622,1,22,6,2013,6
1147,20130623,2,23,6,2013,0
1148,20130619,1,19,6,2013,3
1148,20130620,2,20,6,2013,4
1149,20130526,1,26,5,2013,0
1149,20130527,2,27,5,2013,1
1150,20130527,1,27,5,2013,1
1150,20130528,2,28,5,2013,2
1151,20130525,1,25,5,2013,6
1151,20130526,2,26,5,2013,0
1152,20130630,1,30,6,2013,0
1152,20130701,2,1,7,2013,1
1153,20130526,1,26,5,2013,0
1153,20130527,2,27,5,2013,1
1154,20130601,1,1,6,2013,6
1154,20130602,2,2,6,2013,0
1155,20130526,1,26,5,2013,0
1155,20130527,2,27,5,2013,1
1156,20130601,1,1,6,2013,6
1156,20130602,2,2,6,2013,0
1157,20130519,1,19,5,2013,0
1157,20130520,2,20,5,2013,1
1158,20130526,1,26,5,2013,0
1158,20130527,2,27,5,2013,1
1159,20130519,1,19,5,2013,0
1159,20130520,2,20,5,2013,1
1160,20130604,1,4,6,2013,2
1160,20130605,2,5,6,2013,3
1161,20130604,1,4,6,2013,2
1161,20130605,2,5,6,2013,3
1162,20130530,1,30,5,2013,4
1162,20130531,2,31,5,2013,5
1163,20130604,1,4,6,2013,2
1163,20130605,2,5,6,2013,3
1164,20130703,1,3,7,2013,3
1164,20130704,2,4,7,2013,4
1165,20130608,1,8,6,2013,6
1165,20130609,2,9,6,2013,0
1166,20130608,1,8,6,2013,6
1166,20130609,2,9,6,2013,0
1167,20130624,1,24,6,2013,1
1167,20130625,2,25,6,2013,2
1168,20130606,1,6,6,2013,4
1168,20130607,2,7,6,2013,5
1169,20130622,1,22,6,2013,6
1169,20130623,2,23,6,2013,0
1170,20130611,1,11,6,2013,2
1170,20130612,2,12,6,2013,3
1171,20130603,1,3,6,2013,1
1171,20130604,2,4,6,2013,2
1172,20130605,1,5,6,2013,3
1172,20130606,2,6,6,2013,4
1173,20130606,1,6,6,2013,4
1173,20130607,2,7,6,2013,5
1174,20130606,1,6,6,2013,4
1174,20130607,2,7,6,2013,5
1175,20130610,1,10,6,2013,1
1175,20130611,2,11,6,2013,2
1176,20130605,1,5,6,2013,3
1176,20130606,2,6,6,2013,4
1177,20130609,1,9,6,2013,0
1177,20130610,2,10,6,2013,1
1178,20130616,1,16,6,2013,0
1178,20130617,2,17,6,2013,1
1179,20130624,1,24,6,2013,1
1179,20130625,2,25,6,2013,2
1180,20130620,1,20,6,2013,4
1180,20130621,2,21,6,2013,5
1181,20130622,1,22,6,2013,6
1181,20130623,2,23,6,2013,0
1182,20130627,1,27,6,2013,4
1182,20130628,2,28,6,2013,5
1183,20130627,1,27,6,2013,4
1183,20130628,2,28,6,2013,5
1184,20130614,1,14,6,2013,5
1184,20130615,2,15,6,2013,6
1185,20130627,1,27,6,2013,4
1185,20130628,2,28,6,2013,5
1186,20130625,1,25,6,2013,2
1186,20130626,2,26,6,2013,3
1187,20130624,1,24,6,2013,1
1187,20130625,2,25,6,2013,2
1188,20130618,1,18,6,2013,2
1188,20130619,2,19,6,2013,3
1189,20130616,1,16,6,2013,0
1189,20130617,2,17,6,2013,1
1190,20130624,1,24,6,2013,1
1190,20130625,2,25,6,2013,2
1191,20130525,1,25,5,2013,6
1191,20130526,2,26,5,2013,0
1192,20130609,1,9,6,2013,0
1192,20130610,2,10,6,2013,1
1193,20130608,1,8,6,2013,6
1193,20130609,2,9,6,2013,0
1194,20130615,1,15,6,2013,6
1194,20130616,2,16,6,2013,0
1195,20130617,1,17,6,2013,1
1195,20130618,2,18,6,2013,2
1196,20130525,1,25,5,2013,6
1196,20130526,2,26,5,2013,0
1197,20130709,1,9,7,2013,2
1197,20130710,2,10,7,2013,3
1198,20130624,1,24,6,2013,1
1198,20130625,2,25,6,2013,2
1199,20130622,1,22,6,2013,6
1199,20130623,2,23,6,2013,0
1200,20130629,1,29,6,2013,6
1200,20130630,2,30,6,2013,0
1201,20130617,1,17,6,2013,1
1201,20130618,2,18,6,2013,2
1202,20130522,1,22,5,2013,3
1202,20130523,2,23,5,2013,4
1203,20130622,1,22,6,2013,6
1203,20130623,2,23,6,2013,0
1204,20130625,1,25,6,2013,2
1204,20130626,2,26,6,2013,3
1205,20130627,1,27,6,2013,4
1205,20130628,2,28,6,2013,5
1206,20130616,1,16,6,2013,0
1206,20130617,2,17,6,2013,1
1207,20130622,1,22,6,2013,6
1207,20130623,2,23,6,2013,0
1208,20130527,1,27,5,2013,1
1208,20130528,2,28,5,2013,2
1209,20130520,1,20,5,2013,1
1209,20130521,2,21,5,2013,2
1210,20130617,1,17,6,2013,1
1210,20130618,2,18,6,2013,2
1211,20130706,1,6,7,2013,6
1211,20130707,2,7,7,2013,0
1212,20130714,1,14,7,2013,0
1212,20130715,2,15,7,2013,1
1213,NA,1,NA,NA,NA,6
1213,NA,2,NA,NA,NA,6
1214,20130701,1,1,7,2013,1
1214,20130702,2,2,7,2013,2
1215,20130603,1,3,6,2013,1
1215,20130604,2,4,6,2013,2
1216,20130701,1,1,7,2013,1
1216,20130702,2,2,7,2013,2
1217,20130629,1,29,6,2013,6
1217,20130630,2,30,6,2013,0
1218,20130629,1,29,6,2013,6
1218,20130630,2,30,6,2013,0
1219,20130630,1,30,6,2013,0
1219,20130701,2,1,7,2013,1
1220,20130619,1,19,6,2013,3
1220,20130620,2,20,6,2013,4
1221,20130527,1,27,5,2013,1
1221,20130528,2,28,5,2013,2
1222,20130711,1,11,7,2013,4
1222,20130712,2,12,7,2013,5
1223,20130606,1,6,6,2013,4
1223,20130607,2,7,6,2013,5
1224,20130617,1,17,6,2013,1
1224,20130618,2,18,6,2013,2
1225,20130601,1,1,6,2013,6
1225,20130602,2,2,6,2013,0
1226,20130606,1,6,6,2013,4
1226,20130607,2,7,6,2013,5
1227,20130604,1,4,6,2013,2
1227,20130605,2,5,6,2013,3
1228,20130604,1,4,6,2013,2
1228,20130605,2,5,6,2013,3
1229,20130621,1,21,6,2013,5
1229,20130622,2,22,6,2013,6
1230,20130709,1,9,7,2013,2
1230,20130710,2,10,7,2013,3
1231,20130529,1,29,5,2013,3
1231,20130530,2,30,5,2013,4
1232,20130703,1,3,7,2013,3
1232,20130704,2,4,7,2013,4
1233,20130622,1,22,6,2013,6
1233,20130623,2,23,6,2013,0
1234,20130624,1,24,6,2013,1
1234,20130625,2,25,6,2013,2
1235,20130620,1,20,6,2013,4
1235,20130621,2,21,6,2013,5
1236,20130610,1,10,6,2013,1
1236,20130611,2,11,6,2013,2
1237,20130608,1,8,6,2013,6
1237,20130609,2,9,6,2013,0
1238,20130502,1,2,5,2013,4
1238,20130503,2,3,5,2013,5
1239,20130713,1,13,7,2013,6
1239,20130714,2,14,7,2013,0
1240,20130608,1,8,6,2013,6
1240,20130609,2,9,6,2013,0
1241,20130621,1,21,6,2013,5
1241,20130622,2,22,6,2013,6
1242,20130607,1,7,6,2013,5
1242,20130608,2,8,6,2013,6
1243,20130713,1,13,7,2013,6
1243,20130714,2,14,7,2013,0
1244,20130711,1,11,7,2013,4
1244,20130712,2,12,7,2013,5
1245,20130719,1,19,7,2013,5
1245,20130720,2,20,7,2013,6
