date,cum_cases,daily_cases,seven_day_avg
2020-01-22,0,0,NA
2020-01-23,0,0,NA
2020-01-24,0,0,NA
2020-01-25,0,0,0.5714285714285714
2020-01-26,0,0,0.5714285714285714
2020-01-27,1,1,0.5714285714285714
2020-01-28,4,3,0.7142857142857143
2020-01-29,4,0,1.1428571428571428
2020-01-30,4,0,1.4285714285714286
2020-01-31,5,1,1.5714285714285714
2020-02-01,8,3,1.1428571428571428
2020-02-02,10,2,1.1428571428571428
2020-02-03,12,2,1.1428571428571428
2020-02-04,12,0,1.1428571428571428
2020-02-05,12,0,0.7142857142857143
2020-02-06,12,0,0.5714285714285714
2020-02-07,13,1,0.2857142857142857
2020-02-08,13,0,0.5714285714285714
2020-02-09,14,1,0.5714285714285714
2020-02-10,14,0,0.5714285714285714
2020-02-11,16,2,0.42857142857142855
2020-02-12,16,0,0.42857142857142855
2020-02-13,16,0,0.2857142857142857
2020-02-14,16,0,0.2857142857142857
2020-02-15,16,0,0
2020-02-16,16,0,0
2020-02-17,16,0,0
2020-02-18,16,0,0
2020-02-19,16,0,0
2020-02-20,16,0,0
2020-02-21,16,0,0
2020-02-22,16,0,0
2020-02-23,16,0,0.7142857142857143
2020-02-24,16,0,1.4285714285714286
2020-02-25,16,0,5.285714285714286
2020-02-26,21,5,7.142857142857143
2020-02-27,26,5,14.428571428571429
2020-02-28,53,27,19.142857142857142
2020-02-29,66,13,24.571428571428573
2020-03-01,117,51,31.285714285714285
2020-03-02,150,33,46.142857142857146
2020-03-03,188,38,68.71428571428571
2020-03-04,240,52,88.28571428571429
2020-03-05,349,109,104.28571428571429
2020-03-06,534,185,137.42857142857142
2020-03-07,684,150,158.28571428571428
2020-03-08,847,163,189.57142857142858
2020-03-09,1112,265,288.57142857142856
2020-03-10,1296,184,361.14285714285717
2020-03-11,1567,271,444.42857142857144
2020-03-12,2369,802,570.1428571428571
2020-03-13,3062,693,700
2020-03-14,3795,733,837.1428571428571
2020-03-15,4838,1043,947.2857142857143
2020-03-16,6012,1174,1232.857142857143
2020-03-17,7156,1144,1556.4285714285713
2020-03-18,8198,1042,1838.142857142857
2020-03-19,10999,2801,1967.4285714285713
2020-03-20,13957,2958,2380
2020-03-21,16662,2705,2897.1428571428573
2020-03-22,18610,1948,3336.5714285714284
2020-03-23,22672,4062,3644.1428571428573
2020-03-24,27436,4764,4047.285714285714
2020-03-25,31554,4118,4560
2020-03-26,36508,4954,4848.142857142857
2020-03-27,42288,5780,4946.571428571428
2020-03-28,48582,6294,4925.285714285715
2020-03-29,52547,3965,5116
2020-03-30,57298,4751,5287.714285714285
2020-03-31,61913,4615,5344
2020-04-01,67366,5453,5313.714285714285
2020-04-02,73522,6156,5595.285714285715
2020-04-03,79696,6174,5441.857142857143
2020-04-04,85778,6082,5330.285714285715
2020-04-05,91714,5936,5123.142857142857
2020-04-06,95391,3677,4954.285714285715
2020-04-07,99225,3834,4832.714285714285
2020-04-08,103228,4003,4554.285714285715
2020-04-09,108202,4974,4109.285714285715
2020-04-10,113525,5323,3946.4285714285716
2020-04-11,117658,4133,3696.1428571428573
2020-04-12,120479,2821,3479.4285714285716
2020-04-13,123016,2537,3178.285714285714
2020-04-14,125098,2082,2900.714285714286
2020-04-15,127584,2486,2825.8571428571427
2020-04-16,130450,2866,2774
2020-04-17,133830,3380,2665.1428571428573
2020-04-18,137439,3609,2622.714285714286
2020-04-19,139897,2458,2587.1428571428573
2020-04-20,141672,1775,2513.714285714286
2020-04-21,143457,1785,2364.714285714286
2020-04-22,145694,2237,2142.714285714286
2020-04-23,148046,2352,2039.7142857142858
2020-04-24,150383,2337,1931.5714285714287
2020-04-25,152438,2055,1840
2020-04-26,154175,1737,1706.7142857142858
2020-04-27,155193,1018,1581.857142857143
2020-04-28,156337,1144,1482.142857142857
2020-04-29,157641,1304,1323.5714285714287
2020-04-30,159119,1478,1188.7142857142858
2020-05-01,160758,1639,1140.2857142857142
2020-05-02,161703,945,1074.7142857142858
2020-05-03,162496,793,1023.7142857142857
2020-05-04,163175,679,996
2020-05-05,163860,685,934.5714285714286
2020-05-06,164807,947,978.2857142857143
2020-05-07,166091,1284,960.2857142857143
2020-05-08,167300,1209,914.2857142857143
2020-05-09,168551,1251,949.7142857142857
2020-05-10,169218,667,928.4285714285714
2020-05-11,169575,357,878.2857142857143
2020-05-12,170508,933,836
2020-05-13,171306,798,745.8571428571429
2020-05-14,172239,933,733.8571428571429
2020-05-15,173152,913,731.7142857142857
2020-05-16,173772,620,671.7142857142857
2020-05-17,174355,583,671.5714285714286
2020-05-18,174697,342,644.7142857142857
2020-05-19,175210,513,580
2020-05-20,176007,797,582.5714285714286
2020-05-21,176752,745,560.8571428571429
2020-05-22,177212,460,553.2857142857143
2020-05-23,177850,638,541.7142857142857
2020-05-24,178281,431,479.57142857142856
2020-05-25,178570,289,423.57142857142856
2020-05-26,179002,432,463.7142857142857
2020-05-27,179364,362,478
2020-05-28,179717,353,457.2857142857143
2020-05-29,180458,741,463.57142857142856
2020-05-30,181196,738,432.2857142857143
2020-05-31,181482,286,429.42857142857144
2020-06-01,181815,333,435.2857142857143
2020-06-02,182028,213,401.85714285714283
2020-06-03,182370,342,354.57142857142856
2020-06-04,182764,394,356.7142857142857
2020-06-05,183271,507,339.7142857142857
2020-06-06,183678,407,359.2857142857143
2020-06-07,183979,301,355.85714285714283
2020-06-08,184193,214,378.85714285714283
2020-06-09,184543,350,343.2857142857143
2020-06-10,184861,318,334.85714285714283
2020-06-11,185416,555,327.14285714285717
2020-06-12,185674,258,324
2020-06-13,186022,348,328
2020-06-14,186269,247,331.85714285714283
2020-06-15,186461,192,335.42857142857144
2020-06-16,186839,378,408.57142857142856
2020-06-17,187184,345,444.7142857142857
2020-06-18,187764,580,507.57142857142856
2020-06-19,188534,770,556.8571428571429
2020-06-20,189135,601,574.7142857142857
2020-06-21,189822,687,609.2857142857143
2020-06-22,190359,537,616.4285714285714
2020-06-23,190862,503,574.5714285714286
2020-06-24,191449,587,586.8571428571429
2020-06-25,192079,630,525.2857142857143
2020-06-26,192556,477,486
2020-06-27,193243,687,485.2857142857143
2020-06-28,193499,256,468
2020-06-29,193761,262,449.85714285714283
2020-06-30,194259,498,445.42857142857144
2020-07-01,194725,466,407.57142857142856
2020-07-02,195228,503,405.14285714285717
2020-07-03,195674,446,399
2020-07-04,196096,422,383.57142857142856
2020-07-05,196335,239,373.7142857142857
2020-07-06,196554,219,365
2020-07-07,196944,390,357.7142857142857
2020-07-08,197341,397,351.42857142857144
2020-07-09,197783,442,352.7142857142857
2020-07-10,198178,395,344.14285714285717
2020-07-11,198556,378,347.2857142857143
2020-07-12,198804,248,340.7142857142857
2020-07-13,198963,159,353.85714285714283
2020-07-14,199375,412,380.7142857142857
2020-07-15,199726,351,402.2857142857143
2020-07-16,200260,534,395.7142857142857
2020-07-17,200843,583,408.57142857142856
2020-07-18,201372,529,424.2857142857143
2020-07-19,201574,202,439
2020-07-20,201823,249,444
2020-07-21,202345,522,477.14285714285717
2020-07-22,202799,454,513.1428571428571
2020-07-23,203368,569,527.8571428571429
2020-07-24,204183,815,540.8571428571429
2020-07-25,204964,781,556.7142857142857
2020-07-26,205269,305,589.5714285714286
2020-07-27,205609,340,637.1428571428571
2020-07-28,206242,633,645
2020-07-29,206926,684,669.8571428571429
2020-07-30,207828,902,660.5714285714286
2020-07-31,208698,870,684.7142857142857
2020-08-01,209653,955,719.8571428571429
2020-08-02,209893,240,728
2020-08-03,210402,509,748.4285714285714
2020-08-04,211281,879,788
2020-08-05,212022,741,811.8571428571429
2020-08-06,213067,1045,856.8571428571429
2020-08-07,214214,1147,846.4285714285714
2020-08-08,215336,1122,858.8571428571429
2020-08-09,215891,555,928.1428571428571
2020-08-10,216327,436,985.2857142857143
2020-08-11,217293,966,1028.4285714285713
2020-08-12,218519,1226,1070.2857142857142
2020-08-13,219964,1445,1080.2857142857142
2020-08-14,221413,1449,1098.142857142857
2020-08-15,222828,1415,1158.7142857142858
2020-08-16,223453,625,1199.2857142857142
2020-08-17,224014,561,1236.7142857142858
2020-08-18,225404,1390,1233.5714285714287
2020-08-19,226914,1510,1322
2020-08-20,228621,1707,1344.4285714285713
2020-08-21,230048,1427,1365.857142857143
2020-08-22,232082,2034,1349.857142857143
2020-08-23,232864,782,1359.2857142857142
2020-08-24,233575,711,1330.7142857142858
2020-08-25,234853,1278,1351.2857142857142
2020-08-26,236429,1576,1272
2020-08-27,237936,1507,1272.4285714285713
2020-08-28,239507,1571,1258
2020-08-29,240986,1479,1249.4285714285713
2020-08-30,241771,785,1203.7142857142858
2020-08-31,242381,610,1175.7142857142858
2020-09-01,243599,1218,1158.857142857143
2020-09-02,244855,1256,1144.4285714285713
2020-09-03,246166,1311,1173.4285714285713
2020-09-04,247619,1453,1202.5714285714287
2020-09-05,248997,1378,1242.7142857142858
2020-09-06,249985,988,1231.2857142857142
2020-09-07,250799,814,1314.2857142857142
2020-09-08,252298,1499,1318.7142857142858
2020-09-09,253474,1176,1354.7142857142858
2020-09-10,255366,1892,1349
2020-09-11,256850,1484,1365.142857142857
2020-09-12,258480,1630,1352
2020-09-13,259428,948,1455.5714285714287
2020-09-14,260355,927,1498.7142857142858
2020-09-15,261762,1407,1560.4285714285713
2020-09-16,263663,1901,1655.7142857142858
2020-09-17,265857,2194,1712.4285714285713
2020-09-18,267773,1916,1711.7142857142858
2020-09-19,270070,2297,1770.857142857143
2020-09-20,271415,1345,1752
2020-09-21,272337,922,1744.7142857142858
2020-09-22,274158,1821,1778.5714285714287
2020-09-23,275927,1769,1808.5714285714287
2020-09-24,278070,2143,1817.857142857143
2020-09-25,280223,2153,1856.4285714285713
2020-09-26,282730,2507,1894.7142857142858
2020-09-27,284140,1410,1898.857142857143
2020-09-28,285332,1192,1950.2857142857142
2020-09-29,287421,2089,2024.5714285714287
2020-09-30,289219,1798,2032.5714285714287
2020-10-01,291722,2503,2156.714285714286
2020-10-02,294395,2673,2183.8571428571427
2020-10-03,296958,2563,2262.4285714285716
2020-10-04,299237,2279,2409.5714285714284
2020-10-05,300619,1382,2631.714285714286
2020-10-06,303258,2639,2895
2020-10-07,306086,2828,3203.285714285714
2020-10-08,310144,4058,3375.285714285714
2020-10-09,314660,4516,3530.285714285714
2020-10-10,319381,4721,3742.1428571428573
2020-10-11,322864,3483,4071.285714285714
2020-10-12,325331,2467,4439.857142857143
2020-10-13,329453,4122,4842.428571428572
2020-10-14,334585,5132,5286.571428571428
2020-10-15,341223,6638,5587.142857142857
2020-10-16,348557,7334,5852.571428571428
2020-10-17,356387,7830,6244.857142857143
2020-10-18,361974,5587,6596.714285714285
2020-10-19,366299,4325,7260.857142857143
2020-10-20,373167,6868,7819.142857142857
2020-10-21,380762,7595,8802.57142857143
2020-10-22,392049,11287,9601
2020-10-23,403291,11242,10223.857142857143
2020-10-24,418005,14714,10872.57142857143
2020-10-25,429181,11176,11925.285714285714
2020-10-26,437866,8685,12709.142857142857
2020-10-27,449275,11409,13771.857142857143
2020-10-28,464239,14964,14392.57142857143
2020-10-29,481013,16774,14821.285714285714
2020-10-30,499694,18681,15308.714285714286
2020-10-31,518753,19059,15872
2020-11-01,532930,14177,16193.42857142857
2020-11-02,545027,12097,16652.85714285714
2020-11-03,560379,15352,17056.428571428572
2020-11-04,577593,17214,17676.428571428572
2020-11-05,597583,19990,17939.285714285714
2020-11-06,619089,21506,18120.14285714286
2020-11-07,642488,23399,18117.285714285714
2020-11-08,658505,16017,18299.14285714286
2020-11-09,671868,13363,18567.14285714286
2020-11-10,687200,15332,18858
2020-11-11,705687,18487,18724
2020-11-12,727553,21866,18856.85714285714
2020-11-13,751095,23542,18494.14285714286
2020-11-14,773556,22461,18363.714285714286
2020-11-15,790503,16947,18231.428571428572
2020-11-16,801327,10824,18337.571428571428
2020-11-17,815746,14419,18352.714285714286
2020-11-18,833307,17561,18424.571428571428
2020-11-19,855916,22609,18252.285714285714
2020-11-20,879564,23648,18258
2020-11-21,902528,22964,18134.428571428572
2020-11-22,918269,15741,18287.571428571428
2020-11-23,929133,10864,18238.85714285714
2020-11-24,942687,13554,18118.571428571428
2020-11-25,961320,18633,17937.285714285714
2020-11-26,983588,22268,17775.85714285714
2020-11-27,1006394,22806,17819.428571428572
2020-11-28,1028089,21695,17826.571428571428
2020-11-29,1042700,14611,17631.85714285714
2020-11-30,1053869,11169,17600.14285714286
2020-12-01,1067473,13604,17692
2020-12-02,1084743,17270,17923.85714285714
2020-12-03,1106789,22046,18374.714285714286
2020-12-04,1130238,23449,18540.85714285714
2020-12-05,1153556,23318,18605.14285714286
2020-12-06,1171323,17767,19111.571428571428
2020-12-07,1183655,12332,19344.85714285714
2020-12-08,1197709,14054,20262.85714285714
2020-12-09,1218524,20815,20994.285714285714
2020-12-10,1242203,23679,21341.85714285714
2020-12-11,1272078,29875,21917.571428571428
2020-12-12,1300516,28438,21971.571428571428
2020-12-13,1320716,20200,22959.14285714286
2020-12-14,1337078,16362,23422.571428571428
2020-12-15,1351510,14432,23980
2020-12-16,1379238,27728,24388.85714285714
2020-12-17,1406161,26923,24756.14285714286
2020-12-18,1439938,33777,24796.285714285714
2020-12-19,1471238,31300,25524.285714285714
2020-12-20,1494009,22771,25097.428571428572
2020-12-21,1510652,16643,25850.571428571428
2020-12-22,1530180,19528,24672.85714285714
2020-12-23,1554920,24740,22266.428571428572
2020-12-24,1587115,32195,20978.428571428572
2020-12-25,1612648,25533,20168.85714285714
2020-12-26,1627103,14455,19220.85714285714
2020-12-27,1640858,13755,18895
2020-12-28,1651834,10976,18946
2020-12-29,1664726,12892,18573.285714285714
2020-12-30,1687185,22459,18321.14285714286
2020-12-31,1719737,32552,17829.714285714286
2021-01-01,1742661,22924,17668.428571428572
2021-01-02,1755351,12690,17526.285714285714
2021-01-03,1765666,10315,17351.714285714286
2021-01-04,1775513,9847,16471.571428571428
2021-01-05,1787410,11897,17746.571428571428
2021-01-06,1808647,21237,19461.428571428572
2021-01-07,1835038,26391,20408.714285714286
2021-01-08,1866887,31849,20787.285714285714
2021-01-09,1891581,24694,20916.571428571428
2021-01-10,1908527,16946,20682.714285714286
2021-01-11,1921024,12497,20507.428571428572
2021-01-12,1933826,12802,19153
2021-01-13,1953426,19600,18293.571428571428
2021-01-14,1978590,25164,17855.85714285714
2021-01-15,2000958,22368,17090.714285714286
2021-01-16,2019636,18678,16886
2021-01-17,2033518,13882,16368
2021-01-18,2040659,7141,15687.142857142857
2021-01-19,2052028,11369,15043.42857142857
2021-01-20,2068002,15974,14720.42857142857
2021-01-21,2088400,20398,14488.285714285714
2021-01-22,2106262,17862,14429.42857142857
2021-01-23,2122679,16417,13721.285714285714
2021-01-24,2134936,12257,13324.714285714286
2021-01-25,2141665,6729,12918.285714285714
2021-01-26,2148077,6412,12369.714285714286
2021-01-27,2161275,13198,11784.57142857143
2021-01-28,2178828,17553,11632.42857142857
2021-01-29,2192850,14022,11472.285714285714
2021-01-30,2205171,12321,11429.714285714286
2021-01-31,2216363,11192,10930.714285714286
2021-02-01,2221971,5608,10453.285714285714
2021-02-02,2228085,6114,10294.142857142857
2021-02-03,2237790,9705,10031.857142857143
2021-02-04,2252001,14211,9663.857142857143
2021-02-05,2264909,12908,9510.57142857143
2021-02-06,2275394,10485,9119.857142857143
2021-02-07,2284010,8616,8886.57142857143
2021-02-08,2288545,4535,8318.857142857143
2021-02-09,2291924,3379,7883.428571428572
2021-02-10,2299996,8072,7579
2021-02-11,2310233,10237,7221.571428571428
2021-02-12,2320093,9860,7206
2021-02-13,2328447,8354,7274.142857142857
2021-02-14,2334561,6114,7200.428571428572
2021-02-15,2338987,4426,7196.142857142857
2021-02-16,2342843,3856,7089.428571428572
2021-02-17,2350399,7556,7205.142857142857
2021-02-18,2360606,10207,7428.285714285715
2021-02-19,2369719,9113,7420.142857142857
2021-02-20,2378883,9164,7424
2021-02-21,2386559,7676,7488.428571428572
2021-02-22,2390928,4369,7725.857142857143
2021-02-23,2394811,3883,7852.142857142857
2021-02-24,2402818,8007,7937.571428571428
2021-02-25,2414687,11869,7968.142857142857
2021-02-26,2424684,9997,8020
2021-02-27,2434446,9762,8028.571428571428
2021-02-28,2442336,7890,8173.142857142857
2021-03-01,2447068,4732,8179.285714285715
2021-03-02,2451011,3943,8262.57142857143
2021-03-03,2460030,9019,8233.285714285714
2021-03-04,2471942,11912,8263.714285714286
2021-03-05,2482522,10580,8303.57142857143
2021-03-06,2492079,9557,8347.714285714286
2021-03-07,2500182,8103,8365.857142857143
2021-03-08,2505193,5011,8715
2021-03-09,2509445,4252,9037
2021-03-10,2518591,9146,9482.285714285714
2021-03-11,2532947,14356,9866.142857142857
2021-03-12,2545781,12834,10093.714285714286
2021-03-13,2558455,12674,10269.142857142857
2021-03-14,2569245,10790,10881.857142857143
2021-03-15,2575849,6604,11331.57142857143
2021-03-16,2581329,5480,11995.57142857143
2021-03-17,2594764,13435,12475.42857142857
2021-03-18,2612268,17504,12895.857142857143
2021-03-19,2629750,17482,13053.714285714286
2021-03-20,2645783,16033,13340.142857142857
2021-03-21,2659516,13733,13679.857142857143
2021-03-22,2667225,7709,14416
2021-03-23,2674710,7485,15000.42857142857
2021-03-24,2690523,15813,15634.57142857143
2021-03-25,2713180,22657,16126.42857142857
2021-03-26,2734753,21573,16435.428571428572
2021-03-27,2755225,20472,16730.285714285714
2021-03-28,2772401,17176,16907.14285714286
2021-03-29,2782273,9872,17141.85714285714
2021-03-30,2791822,9549,17186.85714285714
2021-03-31,2808873,17051,16852.14285714286
2021-04-01,2833173,24300,16140.714285714286
2021-04-02,2855061,21888,15944.285714285714
2021-04-03,2873190,18129,15563.714285714286
2021-04-04,2885386,12196,14510.285714285714
2021-04-05,2893883,8497,13954.142857142857
2021-04-06,2900768,6885,14465
2021-04-07,2910445,9677,15317.57142857143
2021-04-08,2930852,20407,16126
2021-04-09,2956316,25464,16804.285714285714
2021-04-10,2980413,24097,17365
2021-04-11,2998268,17855,19081.571428571428
2021-04-12,3011513,13245,20370
2021-04-13,3022323,10810,20422.428571428572
2021-04-14,3044016,21693,20380.571428571428
2021-04-15,3073442,29426,20570.571428571428
2021-04-16,3099273,25831,20312.285714285714
2021-04-17,3123077,23804,20140.714285714286
2021-04-18,3142262,19185,20596.571428571428
2021-04-19,3153699,11437,20609.714285714286
2021-04-20,3163308,9609,20854.285714285714
2021-04-21,3188192,24884,20795.428571428572
2021-04-22,3217710,29518,20736.571428571428
2021-04-23,3245253,27543,20803.714285714286
2021-04-24,3268645,23392,20999
2021-04-25,3287418,18773,20620
2021-04-26,3299325,11907,19936.85714285714
2021-04-27,3310301,10976,19477.714285714286
2021-04-28,3332532,22231,18841
2021-04-29,3357268,24736,18486.285714285714
2021-04-30,3381597,24329,18093.85714285714
2021-05-01,3400532,18935,17602.14285714286
2021-05-02,3416822,16290,17002.571428571428
2021-05-03,3425982,9160,16605
2021-05-04,3433516,7534,15770.142857142857
2021-05-05,3451550,18034,15305.857142857143
2021-05-06,3473503,21953,14786.714285714286
2021-05-07,3491988,18485,14467
2021-05-08,3507673,15685,14265.714285714286
2021-05-09,3520329,12656,13819.285714285714
2021-05-10,3527251,6922,13171.57142857143
2021-05-11,3533376,6125,12150.285714285714
2021-05-12,3548285,14909,11037.285714285714
2021-05-13,3565704,17419,10443.57142857143
2021-05-14,3577040,11336,10227.857142857143
2021-05-15,3584934,7894,9954.142857142857
2021-05-16,3593434,8500,9401.42857142857
2021-05-17,3598846,5412,8669.857142857143
2021-05-18,3603055,4209,8303.142857142857
2021-05-19,3614095,11040,8187.142857142857
2021-05-20,3626393,12298,7932
2021-05-21,3635162,8769,7542
2021-05-22,3642244,7082,7213.714285714285
2021-05-23,3648958,6714,6011.714285714285
2021-05-24,3651640,2682,5156.714285714285
2021-05-25,3653551,1911,4958.285714285715
2021-05-26,3656177,2626,4721.714285714285
2021-05-27,3662490,6313,4312.857142857143
2021-05-28,3669870,7380,4212.285714285715
2021-05-29,3675296,5426,4194.285714285715
2021-05-30,3679148,3852,4521.571428571428
2021-05-31,3681126,1978,4282.571428571428
2021-06-01,3682911,1785,3680.4285714285716
2021-06-02,3687828,4917,3233
2021-06-03,3692468,4640,3031.285714285714
2021-06-04,3695633,3165,2908.285714285714
2021-06-05,3697927,2294,2825.285714285714
2021-06-06,3700367,2440,2587.714285714286
2021-06-07,3701484,1117,2380.1428571428573
2021-06-08,3702688,1204,2276.5714285714284
2021-06-09,3705942,3254,2221.8571428571427
2021-06-10,3709129,3187,2086
2021-06-11,3711569,2440,2004.857142857143
2021-06-12,3713480,1911,1926
2021-06-13,3714969,1489,1669
2021-06-14,3715518,549,1403.7142857142858
2021-06-15,3716170,652,1208.857142857143
2021-06-16,3717625,1455,1094.142857142857
2021-06-17,3718955,1330,1001.7142857142857
2021-06-18,3720031,1076,972.7142857142857
2021-06-19,3721139,1108,944.5714285714286
2021-06-20,3721981,842,881.8571428571429
2021-06-21,3722327,346,835.8571428571429
2021-06-22,3722782,455,792.7142857142857
2021-06-23,3723798,1016,719
2021-06-24,3724806,1008,675.5714285714286
2021-06-25,3725580,774,657.4285714285714
2021-06-26,3726172,592,650.1428571428571
2021-06-27,3726710,538,620.4285714285714
2021-06-28,3726929,219,603.8571428571429
2021-06-29,3727333,404,586
2021-06-30,3728141,808,597.2857142857143
2021-07-01,3729033,892,600.2857142857143
2021-07-02,3729682,649,599.2857142857143
2021-07-03,3730353,671,604.4285714285714
2021-07-04,3730912,559,629.7142857142857
2021-07-05,3731124,212,640.8571428571429
2021-07-06,3731564,440,683.7142857142857
2021-07-07,3732549,985,723.8571428571429
2021-07-08,3733519,970,750.4285714285714
2021-07-09,3734468,949,766.4285714285714
2021-07-10,3735420,952,795.8571428571429
2021-07-11,3736165,745,876.2857142857143
2021-07-12,3736489,324,972.2857142857143
2021-07-13,3737135,646,1044.7142857142858
2021-07-14,3738683,1548,1138.4285714285713
2021-07-15,3740325,1642,1216.5714285714287
2021-07-16,3741781,1456,1248.2857142857142
2021-07-17,3743389,1608,1325
2021-07-18,3744681,1292,1418.5714285714287
2021-07-19,3745227,546,1454
2021-07-20,3746410,1183,1544.4285714285713
2021-07-21,3748613,2203,1588.857142857143
2021-07-22,3750503,1890,1602.4285714285713
2021-07-23,3752592,2089,1661.2857142857142
2021-07-24,3754511,1919,1713
2021-07-25,3755898,1387,1793.7142857142858
2021-07-26,3756856,958,1972.5714285714287
2021-07-27,3758401,1545,2024.7142857142858
2021-07-28,3761169,2768,2093.4285714285716
2021-07-29,3764311,3142,2194.8571428571427
2021-07-30,3766765,2454,2179
2021-07-31,3769165,2400,2210.5714285714284
2021-08-01,3771262,2097,2325.285714285714
2021-08-02,3772109,847,2382
2021-08-03,3773875,1766,2524
2021-08-04,3777446,3571,2639.1428571428573
2021-08-05,3780985,3539,2786.285714285714
2021-08-06,3784433,3448,2834.285714285714
2021-08-07,3787639,3206,2936.285714285714
2021-08-08,3790766,3127,3139.8571428571427
2021-08-09,3791949,1183,3439.714285714286
2021-08-10,3794429,2480,3744
2021-08-11,3799425,4996,4092.285714285714
2021-08-12,3805063,5638,4321
2021-08-13,3810641,5578,4455.714285714285
2021-08-14,3816285,5644,4660.285714285715
2021-08-15,3821013,4728,5135.714285714285
2021-08-16,3823139,2126,5530.285714285715
2021-08-17,3827051,3912,6059.142857142857
2021-08-18,3835375,8324,6408.857142857143
2021-08-19,3843775,8400,6740.571428571428
2021-08-20,3853055,9280,6960.857142857143
2021-08-21,3861147,8092,7223
2021-08-22,3868197,7050,7685.428571428572
2021-08-23,3871865,3668,8289.142857142857
2021-08-24,3877612,5747,8681.857142857143
2021-08-25,3889173,11561,8997.714285714286
2021-08-26,3901799,12626,9192.857142857143
2021-08-27,3913828,12029,9320.142857142857
2021-08-28,3924131,10303,9320.57142857143
2021-08-29,3932547,8416,9602
2021-08-30,3937106,4559,9757.57142857143
2021-08-31,3942856,5750,10075
2021-09-01,3956387,13531,10151
2021-09-02,3970102,13715,10442
2021-09-03,3984353,14251,10469.142857142857
2021-09-04,3995188,10835,10608.57142857143
2021-09-05,4005641,10453,10613.42857142857
2021-09-06,4010390,4749,10858.57142857143
2021-09-07,4017116,6726,10675.42857142857
2021-09-08,4030681,13565,10729.57142857143
2021-09-09,4046112,15431,10285.57142857143
2021-09-10,4059081,12969,10394.42857142857
2021-09-11,4070295,11214,10337.142857142857
2021-09-12,4077640,7345,10178.57142857143
2021-09-13,4083151,5511,9820.57142857143
2021-09-14,4089476,6325,9542.42857142857
2021-09-15,4101931,12455,9212
2021-09-16,4114856,12925,9210.857142857143
2021-09-17,4125878,11022,8957.285714285714
2021-09-18,4134779,8901,8720
2021-09-19,4142116,7337,8434.142857142857
2021-09-20,4145852,3736,8115.714285714285
2021-09-21,4150516,4664,7930.714285714285
2021-09-22,4160970,10454,7689.285714285715
2021-09-23,4171666,10696,7751.714285714285
2021-09-24,4181393,9727,7649.714285714285
2021-09-25,4188604,7211,7579.285714285715
2021-09-26,4196378,7774,7768.714285714285
2021-09-27,4199400,3022,7976.428571428572
2021-09-28,4203571,4171,8032.285714285715
2021-09-29,4215351,11780,8218.857142857143
2021-09-30,4227501,12150,7988.857142857143
2021-10-01,4237619,10118,7998.285714285715
2021-10-02,4246136,8517,8088
2021-10-03,4252300,6164,8054.714285714285
2021-10-04,4255388,3088,7982.428571428572
2021-10-05,4260187,4799,8026.857142857143
2021-10-06,4271734,11547,8075
2021-10-07,4283378,11644,8281.857142857143
2021-10-08,4293807,10429,8285.142857142857
2021-10-09,4302661,8854,8309.714285714286
2021-10-10,4310273,7612,8360.57142857143
2021-10-11,4313384,3111,8466
2021-10-12,4318355,4971,8621.57142857143
2021-10-13,4330258,11903,8920.857142857143
2021-10-14,4342640,12382,9073.714285714286
2021-10-15,4354158,11518,9208.714285714286
2021-10-16,4365107,10949,9465.857142857143
2021-10-17,4373789,8682,10196.142857142857
2021-10-18,4377845,4056,10724
2021-10-19,4384616,6771,11874.57142857143
2021-10-20,4401631,17015,12474
2021-10-21,4417708,16077,13195.42857142857
2021-10-22,4437280,19572,13555
2021-10-23,4452425,15145,14083.857142857143
2021-10-24,4466157,13732,14969.142857142857
2021-10-25,4472730,6573,16677.714285714286
2021-10-26,4483203,10473,17405.714285714286
2021-10-27,4506415,23212,18319.714285714286
2021-10-28,4534452,28037,18770.428571428572
2021-10-29,4559120,24668,19211.14285714286
2021-10-30,4580663,21543,19259.714285714286
2021-10-31,4597550,16887,18857.714285714286
2021-11-01,4607208,9658,19702.285714285714
2021-11-02,4618021,10813,21481.14285714286
2021-11-03,4638419,20398,23261
2021-11-04,4672368,33949,24211.85714285714
2021-11-05,4709488,37120,25048.285714285714
2021-11-06,4743490,34002,26622.428571428572
2021-11-07,4767033,23543,29376.428571428572
2021-11-08,4782546,15513,31697.428571428572
2021-11-09,4804378,21832,33343.142857142855
2021-11-10,4844054,39676,34925.857142857145
2021-11-11,4894250,50196,36348
2021-11-12,4942890,48640,37504.28571428572
2021-11-13,4987971,45081,38963.71428571428
2021-11-14,5021469,33498,40842.28571428572
2021-11-15,5045076,23607,43010.142857142855
2021-11-16,5077124,32048,43628.71428571428
2021-11-17,5129950,52826,46320.57142857143
2021-11-18,5195321,65371,47639
2021-11-19,5248291,52970,48644.142857142855
2021-11-20,5312215,63924,50541
2021-11-21,5354942,42727,52549.28571428572
2021-11-22,5385585,30643,54062.142857142855
2021-11-23,5430911,45326,57411.28571428572
2021-11-24,5497795,66884,57868.57142857143
2021-11-25,5573756,75961,58107.71428571428
2021-11-26,5650170,76414,57925
2021-11-27,5717295,67125,57986
2021-11-28,5761696,44401,58029.142857142855
2021-11-29,5791060,29364,57636
2021-11-30,5836813,45753,57341.42857142857
2021-12-01,5903999,67186,56967.857142857145
2021-12-02,5977208,73209,56632.71428571428
2021-12-03,6051560,74352,56414.42857142857
2021-12-04,6116070,64510,55029.57142857143
2021-12-05,6158125,42055,55374.57142857143
2021-12-06,6185961,27836,55003.42857142857
2021-12-07,6222020,36059,53137.142857142855
2021-12-08,6291621,69601,51592.42857142857
2021-12-09,6362232,70611,50248.28571428572
2021-12-10,6423520,61288,49377.857142857145
2021-12-11,6477217,53697,48629.857142857145
2021-12-12,6509863,32646,46015.57142857143
2021-12-13,6531606,21743,44025
2021-12-14,6562429,30823,42550.71428571428
2021-12-15,6613730,51301,40995.857142857145
2021-12-16,6670407,56677,40524.71428571428
2021-12-17,6721375,50968,39716.57142857143
2021-12-18,6764188,42813,38660.142857142855
2021-12-19,6793536,29348,37854.142857142855
2021-12-20,6809622,16086,36175.57142857143
2021-12-21,6833050,23428,33956
2021-12-22,6878709,45659,31013.285714285714
2021-12-23,6923636,44927,28263.571428571428
2021-12-24,6959067,35431,27952.428571428572
2021-12-25,6981281,22214,27617
2021-12-26,6991381,10100,26814.714285714286
2021-12-27,7005289,13908,26506.571428571428
2021-12-28,7026369,21080,27336.428571428572
2021-12-29,7066412,40043,NA
2021-12-30,7109182,42770,NA
2021-12-31,7150422,41240,NA
